Đề_thi	N	O
rất	R	B-LEVEL
khó	A	I-LEVEL
.	CH	O

Đề_thi	N	O
phù_hợp	N	B-LEVEL
với	E	O
thí_sinh	N	O
.	CH	O

Đề_thi	N	O
vừa_sức	A	B-LEVEL
nhưng	C	O
khó	A	B-LEVEL
đạt	V	O
điểm	N	O
cao	A	O
và	Cc	O
có	V	O
tính	N	O
ứng_dụng	N	B-SKILL
tốt	A	I-SKILL
.	CH	O

Năm	N	B-YEAR
đầu	N	I-YEAR
thi	N	O
trắc_nghiệm	N	B-STRUC
,	CH	O
đề_thi	N	O
khá	R	B-LEVEL
nhẹ_nhàng	A	I-LEVEL
,	CH	O
vừa_sức	A	B-LEVEL
và	Cc	O
có	V	O
độ	N	O
phân_hóa	V	B-DISC
trung_bình	A	I-DISC
.	CH	O

Đề	N	O
Toán	N	O
năm	N	B-YEAR
2017	M	I-YEAR
có	V	O
độ	N	O
phân_hóa	V	B-DISC
cao	A	I-DISC
,	CH	O
với	E	O
nhiều	L	O
câu	N	B-STRUC
vận_dụng	V	B-SKILL
khó	A	B-LEVEL
và	Cc	O
mới	A	O
.	CH	O

Năm	N	B-YEAR
đầu	N	I-YEAR
thi	N	O
trắc_nghiệm	N	B-STRUC
,	CH	O
đề_thi	N	O
khá	R	B-LEVEL
nhẹ_nhàng	A	I-LEVEL
và	Cc	O
mang	V	O
tính_chất	N	O
làm_quen	V	B-LEVEL
.	CH	O

Năm	N	B-YEAR
2017	M	I-YEAR
là	V	O
năm	N	B-YEAR
đầu	N	I-YEAR
thi	N	O
trắc_nghiệm	N	B-STRUC
nên	C	O
đề_thi	N	O
khá	R	B-LEVEL
dễ	A	I-LEVEL
,	CH	O
có_phần	N	O
lạ	V	B-LEVEL
và	Cc	O
chưa	R	O
phân_hóa	V	B-DISC
sâu	A	I-DISC
.	CH	O

Đề_thi	N	O
vừa_sức	A	B-LEVEL
nhưng	C	O
khó	A	B-LEVEL
đạt	V	O
điểm	N	O
cao	A	O
và	Cc	O
có	V	O
tính	N	O
ứng_dụng	N	B-SKILL
tốt	A	I-SKILL
.	CH	O

Đề_thi	N	O
nhìn_chung	R	O
ở	E	O
mức	N	B-LEVEL
bình_thường	N	I-LEVEL
.	CH	O

Đề_thi	N	O
không	R	O
quá	R	B-LEVEL
khó	A	I-LEVEL
.	CH	O

Đề_thi	N	O
quá	R	B-LEVEL
đơn_giản	A	I-LEVEL
.	CH	O

Vì	C	O
là	V	O
kỳ_thi	N	B-STRUC
mở_đầu	N	O
theo	E	O
hình_thức	N	B-STRUC
trắc_nghiệm	N	I-STRUC
nên	C	O
đề_thi	N	O
không	R	O
quá	R	B-LEVEL
khó	A	I-LEVEL
.	CH	O

Đề_thi	N	O
trắc_nghiệm	N	B-STRUC
lần	Cc	O
đầu	N	O
có	V	O
mức_độ	N	B-LEVEL
nhẹ_nhàng	A	I-LEVEL
và	Cc	O
giúp	V	O
học_sinh	N	O
làm_quen	V	B-LEVEL
với	E	O
cấu_trúc	N	B-STRUC
mới	A	I-STRUC
.	CH	O

Năm	N	B-YEAR
đầu	N	I-YEAR
thi	N	O
trắc_nghiệm	N	B-STRUC
,	CH	O
đề_thi	N	O
khá	R	B-LEVEL
nhẹ_nhàng	A	I-LEVEL
,	CH	O
vừa_sức	A	B-LEVEL
và	Cc	O
có	V	O
độ	N	O
phân_hóa	V	B-DISC
trung_bình	A	I-DISC
.	CH	O

Đề_thi	N	O
THPT_Quốc_gia	N	B-STRUC
môn	N	O
Toán	N	O
năm	N	B-YEAR
2017	M	I-YEAR
vừa_sức	A	B-LEVEL
,	CH	O
có	V	O
độ	N	O
phân_hóa	V	B-DISC
tốt	A	I-DISC
và	Cc	O
là	V	O
năm	N	B-YEAR
đầu	N	I-YEAR
áp_dụng	V	O
hình_thức	N	B-STRUC
trắc_nghiệm	N	I-STRUC
hoàn_toàn	A	O
.	CH	O

Đề_thi	N	O
khá	R	B-LEVEL
khó	A	I-LEVEL
so	N	O
với	E	O
những	L	O
gì	P	O
tôi	P	O
đã	R	O
học	V	O
và	Cc	O
có	V	O
độ	N	O
phân_hóa	V	B-DISC
cao	A	I-DISC
,	CH	O
đúng	R	O
với	E	O
cấp_độ	N	O
.	CH	O

Đề_thi	N	O
vừa_sức	A	B-LEVEL
và	Cc	O
kiến_thức	N	B-STRUC
bám_sát	V	O
chương_trình	N	B-STRUC
sách_giáo_khoa	N	I-STRUC
lớp	N	I-STRUC
12	M	I-STRUC
.	CH	O

Đề_thi	N	O
Toán	N	O
năm	N	B-YEAR
2017	M	I-YEAR
quá	R	B-LEVEL
dễ	A	I-LEVEL
nên	C	O
khả_năng	N	O
phân_hóa	V	B-DISC
kém	A	I-DISC
.	CH	O

Đề_thi	N	O
khó	A	B-LEVEL
.	CH	O

Đề_thi	N	O
khó	A	B-LEVEL
.	CH	O

Kỳ_thi	N	B-STRUC
trắc_nghiệm	N	I-STRUC
lần	Cc	O
đầu	N	O
có	V	O
độ	N	B-LEVEL
khó	A	I-LEVEL
thấp	A	I-LEVEL
và	Cc	O
chủ_yếu	R	O
giúp	V	O
thí_sinh	N	O
thích_nghi	V	O
với	E	O
cấu_trúc	N	B-STRUC
mới	A	I-STRUC
.	CH	O

Đề	N	O
Toán	N	O
năm	N	B-YEAR
2017	M	I-YEAR
có	V	O
độ	N	B-LEVEL
khó	A	I-LEVEL
vừa_phải	A	I-LEVEL
và	Cc	O
phân_hóa	V	B-DISC
tốt	A	I-DISC
đối_với	E	O
học_sinh	N	O
khá	R	O
giỏi	A	O
.	CH	O

Năm	N	B-YEAR
2017	M	I-YEAR
là	V	O
năm	N	B-YEAR
đầu	N	I-YEAR
thi	N	O
trắc_nghiệm	N	B-STRUC
nên	C	O
đề_thi	N	O
nhẹ_nhàng	A	B-LEVEL
,	CH	O
mang	V	O
tính	N	B-LEVEL
làm_quen	V	I-LEVEL
và	Cc	O
ít	R	O
câu	N	B-STRUC
hỏi	N	I-STRUC
lắt_léo	N	B-LEVEL
.	CH	O

Đề_thi	N	O
khá	R	B-LEVEL
dễ	A	I-LEVEL
,	CH	O
độ	N	B-DISC
phân_hóa	V	I-DISC
thấp	A	I-DISC
và	Cc	O
có	V	O
rất	R	O
nhiều	L	O
điểm	N	O
tuyệt_đối	N	O
vì	C	O
chủ_yếu	R	O
kiểm_tra	V	O
kiến_thức	N	B-STRUC
cơ_bản	A	I-STRUC
.	CH	O

Đề_thi	N	O
tương_đối	A	B-LEVEL
khó	A	I-LEVEL
,	CH	O
có	V	O
nhiều	L	O
câu	N	B-STRUC
phân_hóa	V	B-DISC
và	Cc	O
yêu_cầu	N	O
tư_duy	N	B-SKILL
cùng	Cc	O
kỹ_năng	N	B-SKILL
tốt	A	I-SKILL
.	CH	O

Đề	N	O
Toán	N	O
năm	N	B-YEAR
2017	M	I-YEAR
khá	R	B-LEVEL
khó	A	I-LEVEL
và	Cc	O
tăng	V	O
mạnh	A	O
tính	N	B-DISC
phân_loại	V	I-DISC
cũng_như	N	O
tư_duy	N	B-SKILL
vận_dụng	V	I-SKILL
.	CH	O

Đề_thi	N	O
năm	N	B-YEAR
2017	M	I-YEAR
khá	R	B-LEVEL
nhẹ_nhàng	A	I-LEVEL
,	CH	O
vừa_sức	A	B-LEVEL
và	Cc	O
dễ	A	B-LEVEL
đạt	V	O
điểm	N	O
cao	A	O
.	CH	O

Đề_thi	N	O
khó	A	B-LEVEL
và	Cc	O
có	V	O
độ	N	B-DISC
phân_hóa	V	I-DISC
cao	A	I-DISC
.	CH	O

Đề_thi	N	O
năm	N	B-YEAR
2017	M	I-YEAR
có	V	O
độ	N	B-LEVEL
khó	A	I-LEVEL
thấp	A	I-LEVEL
nhưng	C	O
phân_hóa	V	B-DISC
tốt	A	I-DISC
học_sinh	N	O
.	CH	O

Năm	N	B-YEAR
đầu	N	I-YEAR
thi	N	O
trắc_nghiệm	N	B-STRUC
,	CH	O
đề_thi	N	O
khá	R	B-LEVEL
nhẹ_nhàng	A	I-LEVEL
và	Cc	O
có	V	O
độ	N	B-DISC
phân_hóa	V	I-DISC
ở	E	O
mức	N	B-LEVEL
trung_bình	A	I-LEVEL
.	CH	O

Cấu_trúc	N	B-STRUC
đề_thi	N	I-STRUC
mới_mẻ	N	O
,	CH	O
tập_trung	V	O
kiểm_tra	V	O
kiến_thức	N	B-STRUC
nền_tảng	N	I-STRUC
và	Cc	O
kỹ_năng	N	B-SKILL
bấm	N	I-SKILL
máy	N	I-SKILL
.	CH	O

Năm	N	B-YEAR
đầu	N	I-YEAR
thi	N	O
trắc_nghiệm	N	B-STRUC
,	CH	O
đề_thi	N	O
vừa_sức	A	B-LEVEL
với	E	O
đại_đa_số	N	O
học_sinh	N	O
.	CH	O

Đề_thi	N	O
có	V	O
tính	N	B-LEVEL
ổn_định	A	I-LEVEL
cao	A	I-LEVEL
và	Cc	O
giúp	V	O
thí_sinh	N	O
làm_quen	V	B-LEVEL
tốt	A	I-LEVEL
với	E	O
hình_thức	N	B-STRUC
mới	A	I-STRUC
.	CH	O

Năm	N	B-YEAR
đầu	N	I-YEAR
thi	N	O
trắc_nghiệm	N	B-STRUC
có	V	O
nhiều	L	O
điểm	N	O
10	M	O
và	Cc	O
trở_thành	V	O
khởi_đầu	N	O
cho	N	O
một	M	B-YEAR
giai_đoạn	N	I-YEAR
nhiều	L	O
biến_động	N	O
về_sau	N	B-YEAR
.	CH	O

Đề_thi	N	O
phản_ánh	V	O
đúng	R	O
năng_lực	N	B-SKILL
học_sinh	N	O
trong	E	O
giai_đoạn	N	B-YEAR
chuyển_giao	N	I-YEAR
phương_thức	N	B-STRUC
thi_cử	N	I-STRUC
.	CH	O

Đề_thi	N	O
tạm	R	B-LEVEL
dễ	A	I-LEVEL
.	CH	O

Đề_thi	N	O
rất	R	B-LEVEL
khó	A	I-LEVEL
và	Cc	O
có	V	O
độ	N	B-DISC
phân_hóa	V	I-DISC
cực	N	I-DISC
cao	A	I-DISC
.	CH	O

Đề_thi	N	O
cực	N	B-LEVEL
khó	A	I-LEVEL
,	CH	O
thời_lượng	N	B-STRUC
làm	V	I-STRUC
bài	N	I-STRUC
dài	N	B-LEVEL
và	Cc	O
có	V	O
tính	N	B-DISC
phân_hóa	V	I-DISC
rất	R	I-DISC
cao	A	I-DISC
.	CH	O

Đề_thi	N	O
được	V	O
đánh_giá	V	O
là	V	O
rất	R	B-LEVEL
khó	A	I-LEVEL
,	CH	O
có	V	O
nhiều	L	O
câu	N	B-STRUC
hỏi	N	I-STRUC
vận_dụng	V	B-SKILL
cao	A	I-SKILL
và	Cc	O
mang	V	O
tính	N	B-LEVEL
thách_thức	N	I-LEVEL
lớn	N	I-LEVEL
.	CH	O

Đề	N	O
Toán	N	O
năm	N	B-YEAR
2018	M	I-YEAR
khó	A	B-LEVEL
hơn	R	I-LEVEL
năm	N	B-YEAR
trước	N	I-YEAR
và	Cc	O
có	V	O
nhiều	L	O
câu	N	B-STRUC
để	E	O
phân_loại	V	B-DISC
học_sinh	N	O
khá	R	O
giỏi	A	O
.	CH	O

Đề_thi	N	O
cực	N	B-LEVEL
khó	A	I-LEVEL
,	CH	O
phần	N	O
tính_toán	N	B-SKILL
phức_tạp	N	B-LEVEL
và	Cc	O
gây	V	O
sốc	N	B-LEVEL
vì	C	O
độ	N	B-DISC
phân_hóa	V	I-DISC
cao	A	I-DISC
kỷ_lục	N	I-DISC
.	CH	O

Năm	N	B-YEAR
2018	M	I-YEAR
,	CH	O
đề_thi	N	O
cực	N	B-LEVEL
khó	A	I-LEVEL
,	CH	O
có	V	O
nhiều	L	O
câu	N	B-STRUC
vận_dụng	V	B-SKILL
cao	A	I-SKILL
gây	V	O
sốc	N	B-LEVEL
và	Cc	O
điểm	N	O
10	M	O
rất	R	O
hiếm	N	O
.	CH	O

Đề_thi	N	O
quá	R	B-LEVEL
đơn_giản	A	I-LEVEL
.	CH	O

Đề_thi	N	O
tốn	N	B-LEVEL
thời_gian	N	I-LEVEL
và	Cc	O
có	V	O
nhiều	L	O
câu	N	B-STRUC
khó	A	B-LEVEL
.	CH	O

Đề_thi	N	O
năm	N	B-YEAR
2018	M	I-YEAR
hơi	R	B-LEVEL
khó	A	I-LEVEL
và	Cc	O
có	V	O
độ	N	B-DISC
phân_hóa	V	I-DISC
cao	A	I-DISC
.	CH	O

Đề_thi	N	O
khá	R	B-LEVEL
dễ	A	I-LEVEL
làm	V	O
và	Cc	O
không	R	O
gây	V	O
áp_lực	N	B-LEVEL
lớn	N	I-LEVEL
.	CH	O

Đề_thi	N	O
là	V	O
một	M	O
trong	E	O
những	L	O
đề	N	O
khó	A	B-LEVEL
nhất	R	I-LEVEL
và	Cc	O
có	V	O
độ	N	B-DISC
phân_hóa	V	I-DISC
cao	A	I-DISC
nhất	R	I-DISC
.	CH	O

Nội_dung	N	O
đề_thi	N	O
cực	N	B-LEVEL
khó	A	I-LEVEL
,	CH	O
có	V	O
tính	N	B-DISC
phân_hóa	V	I-DISC
kỷ_lục	N	I-DISC
và	Cc	O
đòi_hỏi	V	O
kỹ_năng	N	B-SKILL
tính_toán	N	I-SKILL
nhanh	N	I-SKILL
cùng	Cc	O
tư_duy	N	B-SKILL
tốt	A	I-SKILL
.	CH	O

Đề_thi	N	O
cực	N	B-LEVEL
khó	A	I-LEVEL
và	Cc	O
mang	V	O
tính	N	O
đánh_đố	N	B-LEVEL
cao	A	I-LEVEL
,	CH	O
với	E	O
nhiều	L	O
câu	N	B-STRUC
hỏi	N	I-STRUC
ở	E	O
cả	N	O
mức	N	O
vận_dụng	V	B-SKILL
thấp	A	I-SKILL
và	Cc	O
vận_dụng	V	B-SKILL
cao	A	I-SKILL
.	CH	O

Đề_thi	N	O
THPT_Quốc_gia	N	B-STRUC
môn	N	O
Toán	N	O
năm	N	B-YEAR
2018	M	I-YEAR
có	V	O
độ	N	B-LEVEL
khó	A	I-LEVEL
cao	A	I-LEVEL
,	CH	O
đề	N	B-STRUC
dài	N	B-LEVEL
và	Cc	O
nằm	N	O
trong	E	O
nhóm	N	O
đề	N	O
khó	A	B-LEVEL
nhất	R	I-LEVEL
giai_đoạn	N	B-YEAR
thi	N	O
trắc_nghiệm	N	B-STRUC
từ	E	O
năm	N	B-YEAR
2017	M	I-YEAR
đến	E	I-YEAR
nay	N	I-YEAR
,	CH	O
nên	C	O
khả_năng	N	B-SKILL
hoàn_thành	N	I-SKILL
bài	N	O
của	E	O
nhiều	L	O
thí_sinh	N	O
khá	R	O
thấp	A	O
.	CH	O

Đề_thi	N	O
có	V	O
độ	N	B-DISC
phân_hóa	V	I-DISC
rõ	A	I-DISC
và	Cc	O
giúp	V	O
phân_cấp	N	B-DISC
trình_độ	N	I-DISC
học_sinh	N	O
.	CH	O

Đề_thi	N	O
rất	R	B-LEVEL
khó	A	I-LEVEL
,	CH	O
đặc_biệt	N	O
ở	E	O
10	M	B-STRUC
đến	E	I-STRUC
15	M	I-STRUC
câu	N	I-STRUC
cuối	N	I-STRUC
,	CH	O
và	Cc	O
đòi_hỏi	V	O
tư_duy	N	B-SKILL
cao	A	I-SKILL
cùng	Cc	O
khả_năng	N	B-SKILL
giải	N	I-SKILL
nhanh	N	I-SKILL
.	CH	O

Đề	N	O
Toán	N	O
năm	N	B-YEAR
2018	M	I-YEAR
nổi_tiếng	N	O
là	V	O
khó	A	B-LEVEL
nhưng	C	O
thực_tế	N	O
chỉ	R	O
ở	E	O
mức	N	B-LEVEL
tương_đối	A	I-LEVEL
,	CH	O
đồng_thời	N	O
có	V	O
độ	N	B-DISC
phân_hóa	V	I-DISC
khá	R	I-DISC
tốt	A	I-DISC
.	CH	O

Đề_thi	N	O
khó	A	B-LEVEL
.	CH	O

Đề_thi	N	O
mang	V	O
tính	N	B-LEVEL
thách_thức	N	I-LEVEL
cực_độ	N	I-LEVEL
và	Cc	O
phân_hóa	V	B-DISC
khốc_liệt	N	I-DISC
nhờ	N	O
các	L	O
câu	N	B-STRUC
hỏi	N	I-STRUC
nặng	N	B-LEVEL
tính_toán	N	B-SKILL
.	CH	O

Đề	N	O
Toán	N	O
năm	N	B-YEAR
2018	M	I-YEAR
khá	R	B-LEVEL
khó	A	I-LEVEL
,	CH	O
có	V	O
nhiều	L	O
câu	N	B-STRUC
phân_loại	V	B-DISC
mạnh	A	I-DISC
và	Cc	O
gây	V	O
áp_lực	N	B-LEVEL
thời_gian	N	I-LEVEL
cao	A	I-LEVEL
.	CH	O

Năm	N	B-YEAR
2018	M	I-YEAR
,	CH	O
đề_thi	N	O
bị	V	O
xem	V	O
là	V	O
"	N	O
thảm_họa	N	B-LEVEL
"	N	O
vì	C	O
độ	N	B-LEVEL
khó	A	I-LEVEL
cực_đại	N	I-LEVEL
,	CH	O
mức	N	O
phân_hóa	V	B-DISC
gắt	N	I-DISC
và	Cc	O
điểm	N	O
10	M	O
trở_nên	V	O
rất	R	O
hiếm	N	O
.	CH	O

Đề_thi	N	O
rất	R	B-LEVEL
khó	A	I-LEVEL
và	Cc	O
quá	R	B-LEVEL
dài	N	I-LEVEL
.	CH	O

Đề_thi	N	O
khó	A	B-LEVEL
,	CH	O
gây	V	O
tranh_cãi	N	O
,	CH	O
có	V	O
nhiều	L	O
câu	N	B-STRUC
lắt_léo	N	B-LEVEL
và	Cc	O
phân_hóa	V	B-DISC
thí_sinh	N	O
rõ_rệt	A	B-DISC
.	CH	O

Năm	N	B-YEAR
2018	M	I-YEAR
,	CH	O
đề_thi	N	O
rất	R	B-LEVEL
khó	A	I-LEVEL
,	CH	O
có	V	O
nhiều	L	O
câu	N	B-STRUC
vận_dụng	V	B-SKILL
cao	A	I-SKILL
và	Cc	O
tạo	V	O
áp_lực	N	B-LEVEL
thời_gian	N	I-LEVEL
lớn	N	I-LEVEL
.	CH	O

Đề_thi	N	O
năm	N	B-YEAR
2018	M	I-YEAR
được	V	O
đánh_giá	V	O
là	V	O
rất	R	B-LEVEL
khó	A	I-LEVEL
,	CH	O
có	V	O
độ	N	B-DISC
phân_hóa	V	I-DISC
cực	N	I-DISC
cao	A	I-DISC
và	Cc	O
có	V	O
nhiều	L	O
câu	N	B-STRUC
hỏi	N	I-STRUC
lắt_léo	N	B-LEVEL
.	CH	O

Đề_thi	N	O
hơi	R	B-LEVEL
khó	A	I-LEVEL
và	Cc	O
có	V	O
độ	N	B-DISC
phân_hóa	V	I-DISC
cao	A	I-DISC
.	CH	O

Đề_thi	N	O
năm	N	B-YEAR
2018	M	I-YEAR
phân_hóa	V	B-DISC
tốt	A	I-DISC
học_sinh	N	O
và	Cc	O
có	V	O
độ	N	B-LEVEL
khó	A	I-LEVEL
cao	A	I-LEVEL
.	CH	O

Đề_thi	N	O
năm	N	B-YEAR
2018	M	I-YEAR
cực_kỳ	N	B-LEVEL
khó	A	I-LEVEL
,	CH	O
có	V	O
độ	N	B-DISC
phân_hóa	V	I-DISC
rất	R	I-DISC
cao	A	I-DISC
và	Cc	O
gây	V	O
nhiều	L	O
tranh_cãi	N	O
.	CH	O

Ma_trận	N	B-STRUC
kiến_thức	N	I-STRUC
của	E	O
đề_thi	N	O
rộng	N	B-LEVEL
,	CH	O
với	E	O
nhiều	L	O
câu	N	B-STRUC
hỏi	N	I-STRUC
vận_dụng	V	B-SKILL
cao	A	I-SKILL
mang	V	O
tính	N	O
đánh_đố	N	B-LEVEL
thí_sinh	N	O
.	CH	O

Năm	N	B-YEAR
2018	M	I-YEAR
là	V	O
năm	N	O
có	V	O
đề_thi	N	O
Toán	N	O
được	V	O
xem	V	O
là	V	O
khó	A	B-LEVEL
nhất	R	I-LEVEL
trong	E	O
lịch_sử	N	O
kỳ_thi	N	B-STRUC
THPT_Quốc_gia	N	I-STRUC
.	CH	O

Đề_thi	N	O
có	V	O
mức_độ	N	B-LEVEL
thử_thách	N	I-LEVEL
lớn	N	I-LEVEL
,	CH	O
khiến	N	O
điểm_số	N	O
phân_hóa	V	B-DISC
mạnh	A	I-DISC
giữa	N	O
các	L	O
nhóm	N	O
thí_sinh	N	O
.	CH	O

Đề_thi	N	O
được	V	O
xem	V	O
là	V	O
một	M	O
"	N	O
cơn	N	B-LEVEL
ác_mộng	N	I-LEVEL
"	N	O
vì	C	O
độ	N	B-LEVEL
khó	A	I-LEVEL
và	Cc	O
độ	N	B-DISC
phân_hóa	V	I-DISC
rất	R	I-DISC
lớn	N	I-DISC
,	CH	O
trong	E	O
đó	P	O
25	M	B-STRUC
câu	N	I-STRUC
đầu	N	I-STRUC
ở	E	O
mức	N	B-LEVEL
vừa	N	I-LEVEL
đủ	N	I-LEVEL
để	E	O
phân_hóa	V	B-DISC
còn	N	O
25	M	B-STRUC
câu	N	I-STRUC
sau	A	I-STRUC
tạo	V	O
cảm_giác	N	O
như	C	O
một	M	O
bài	N	O
thi	N	O
hoàn_toàn	A	B-LEVEL
khác	N	I-LEVEL
.	CH	O

Đề_thi	N	O
đòi_hỏi	V	O
tư_duy	N	B-SKILL
logic	N	I-SKILL
rất	R	I-SKILL
tốt	A	I-SKILL
và	Cc	O
khả_năng	N	B-SKILL
chịu	N	I-SKILL
áp_lực	N	I-SKILL
thời_gian	N	I-SKILL
lớn	N	I-SKILL
.	CH	O

Sự	N	O
điều_chỉnh	N	O
hợp_lý	A	B-LEVEL
về	E	O
mức_độ	N	O
phân_hóa	V	B-DISC
giúp	V	O
ổn_định	A	O
tâm_lý	N	O
cho	N	O
học_sinh	N	O
.	CH	O

Đề_thi	N	O
tạm	R	B-LEVEL
dễ	A	I-LEVEL
.	CH	O

Đề_thi	N	O
phù_hợp	N	B-LEVEL
với	E	O
thí_sinh	N	O
.	CH	O

Đề_thi	N	O
dễ	A	B-LEVEL
hơn	R	I-LEVEL
năm	N	B-YEAR
2018	M	I-YEAR
và	Cc	O
có	V	O
độ	N	B-DISC
phân_hóa	V	I-DISC
tốt	A	I-DISC
.	CH	O

Đề_thi	N	O
có	V	O
độ	N	B-LEVEL
khó	A	I-LEVEL
vừa_phải	A	I-LEVEL
và	Cc	O
phân_hóa	V	B-DISC
tốt	A	I-DISC
ở	E	O
nhóm	N	B-STRUC
câu	N	I-STRUC
hỏi	N	I-STRUC
cuối	N	I-STRUC
để	E	O
phục_vụ	N	O
xét_tuyển	V	B-STRUC
đại_học	N	I-STRUC
.	CH	O

Đề	N	O
Toán	N	O
năm	N	B-YEAR
2019	M	I-YEAR
có	V	O
độ	N	B-LEVEL
khó	A	I-LEVEL
vừa_phải	A	I-LEVEL
và	Cc	O
phân_hóa	V	B-DISC
tốt	A	I-DISC
ở	E	O
nhóm	N	B-STRUC
câu	N	I-STRUC
vận_dụng	V	B-SKILL
cao	A	I-SKILL
.	CH	O

Đề_thi	N	O
có	V	O
tính	N	B-LEVEL
ổn_định	A	I-LEVEL
,	CH	O
dễ_thở	N	B-LEVEL
hơn	R	I-LEVEL
nhiều	L	O
so	N	O
với	E	O
năm	N	B-YEAR
2018	M	I-YEAR
nhưng	C	O
vẫn	R	O
đủ	N	O
để	E	O
phân_loại	V	B-DISC
thí_sinh	N	O
.	CH	O

Năm	N	B-YEAR
2019	M	I-YEAR
,	CH	O
đề_thi	N	O
vừa_sức	A	B-LEVEL
,	CH	O
cấu_trúc	N	B-STRUC
ổn_định	A	I-STRUC
và	Cc	O
phân_hóa	V	B-DISC
tốt	A	I-DISC
giữa	N	O
các	L	O
nhóm	N	O
học_sinh	N	O
.	CH	O

Đề_thi	N	O
phù_hợp	N	B-LEVEL
với	E	O
thí_sinh	N	O
.	CH	O

Đề_thi	N	O
nhẹ_nhàng	A	B-LEVEL
hơn	R	I-LEVEL
năm	N	B-YEAR
2018	M	I-YEAR
.	CH	O

Đề_thi	N	O
không	R	B-LEVEL
quá	R	I-LEVEL
khó	A	I-LEVEL
.	CH	O

Đề_thi	N	O
quá	R	B-LEVEL
dễ	A	I-LEVEL
.	CH	O

Đề_thi	N	O
không	R	B-LEVEL
khó	A	I-LEVEL
như	C	O
năm	N	B-YEAR
2018	M	I-YEAR
nhưng	C	O
cũng	Cc	O
không	R	B-LEVEL
hề	N	I-LEVEL
đơn_giản	A	I-LEVEL
.	CH	O

Độ	N	B-LEVEL
khó	A	I-LEVEL
đề_thi	N	O
giảm	V	B-LEVEL
mạnh	A	I-LEVEL
so	N	O
với	E	O
năm	N	B-YEAR
trước	N	I-YEAR
,	CH	O
đảm_bảo	V	O
tính	N	B-LEVEL
ổn_định	A	I-LEVEL
và	Cc	O
phân_loại	V	B-DISC
vừa_sức	A	I-DISC
.	CH	O

Đề_thi	N	O
giảm	V	B-LEVEL
độ	N	I-LEVEL
khó	A	I-LEVEL
so	N	O
với	E	O
năm	N	B-YEAR
2018	M	I-YEAR
,	CH	O
có	V	O
cấu_trúc	N	B-STRUC
ổn_định	A	I-STRUC
và	Cc	O
phân_hóa	V	B-DISC
rõ	A	I-DISC
hơn	R	I-DISC
.	CH	O

Đề_thi	N	O
THPT_Quốc_gia	N	B-STRUC
môn	N	O
Toán	N	O
năm	N	B-YEAR
2019	M	I-YEAR
được	V	O
đánh_giá	V	O
là	V	O
dễ_thở	N	B-LEVEL
và	Cc	O
vừa_sức	A	B-LEVEL
hơn	R	I-LEVEL
rất	R	O
nhiều	L	O
so	N	O
với	E	O
năm	N	B-YEAR
2018	M	I-YEAR
.	CH	O

Đề_thi	N	O
không	R	B-LEVEL
quá	R	I-LEVEL
khó	A	I-LEVEL
và	Cc	O
có	V	O
mức	N	O
phân_cấp	N	B-DISC
hợp_lý	A	I-DISC
.	CH	O

Đề_thi	N	O
THPT	N	B-STRUC
môn	N	O
Toán	N	O
năm	N	B-YEAR
2019	M	I-YEAR
được	V	O
đánh_giá	V	O
là	V	O
dễ_thở	N	B-LEVEL
,	CH	O
có	V	O
cấu_trúc	N	B-STRUC
ổn_định	A	I-STRUC
và	Cc	O
bám_sát	V	O
chương_trình	N	B-STRUC
phổ_thông	N	I-STRUC
.	CH	O

Đề_thi	N	O
Toán	N	O
năm	N	B-YEAR
2019	M	I-YEAR
có	V	O
độ	N	B-LEVEL
khó	A	I-LEVEL
vừa_phải	A	I-LEVEL
và	Cc	O
phân_hóa	V	B-DISC
tốt	A	I-DISC
.	CH	O

Đề_thi	N	O
cân_bằng	N	B-LEVEL
lại	N	I-LEVEL
độ	N	I-LEVEL
khó	A	I-LEVEL
,	CH	O
giúp	V	O
giảm	V	B-LEVEL
áp_lực	N	I-LEVEL
và	Cc	O
vẫn	R	O
đảm_bảo	V	O
ngưỡng	N	B-DISC
phân_loại	V	I-DISC
vừa_tầm	N	I-DISC
.	CH	O

Đề	N	O
Toán	N	O
năm	N	B-YEAR
2019	M	I-YEAR
có	V	O
độ	N	B-DISC
phân_hóa	V	I-DISC
tốt	A	I-DISC
,	CH	O
với	E	O
khá	R	O
nhiều	L	O
câu	N	B-STRUC
ở	E	O
mức	N	O
vận_dụng	V	B-SKILL
và	Cc	O
vận_dụng	V	B-SKILL
cao	A	I-SKILL
.	CH	O

Năm	N	B-YEAR
2019	M	I-YEAR
,	CH	O
đề_thi	N	O
được	V	O
điều_chỉnh	N	O
vừa_sức	A	B-LEVEL
,	CH	O
có	V	O
cấu_trúc	N	B-STRUC
ổn_định	A	I-STRUC
và	Cc	O
phân_hóa	V	B-DISC
tốt	A	I-DISC
để	E	O
xét_tuyển	V	B-STRUC
đại_học	N	I-STRUC
.	CH	O

Đề_thi	N	O
vừa_sức	A	B-LEVEL
với	E	O
đại_đa_số	N	O
thí_sinh	N	O
.	CH	O

Đề_thi	N	O
có	V	O
độ	N	B-LEVEL
khó	A	I-LEVEL
vừa_phải	A	I-LEVEL
,	CH	O
có	V	O
tính	N	B-DISC
phân_loại	V	I-DISC
nhưng	C	O
không	R	O
quá	R	B-LEVEL
đánh_đố	N	I-LEVEL
thí_sinh	N	O
.	CH	O

Năm	N	B-YEAR
2019	M	I-YEAR
,	CH	O
đề_thi	N	O
có	V	O
độ	N	B-LEVEL
khó	A	I-LEVEL
vừa_phải	A	I-LEVEL
,	CH	O
cấu_trúc	N	B-STRUC
ổn_định	A	I-STRUC
và	Cc	O
phân_loại	V	B-DISC
học_sinh	N	O
khá	R	B-DISC
tốt	A	I-DISC
.	CH	O

Lần	Cc	O
này	P	O
bạn	N	O
gửi	N	O
đến	E	O
50	M	O
câu!	N	O
Tiến	N	O
độ	N	O
đang	N	O
được	V	O
đẩy	V	O
nhanh	N	O
rất	R	O
tốt.	N	O

Trong	E	O
đợt	N	O
dữ	N	O
liệu	N	O
này	P	O
(từ	N	O
câu	N	O
101	M	O
đến	E	O
150),	N	O
bối	N	O
cảnh	N	O
đã	R	O
chuyển	N	O
sang	N	O
giai	N	O
đoạn	N	O
ảnh	N	O
hưởng	V	O
của	E	O
dịch	N	O
dịch_bệnh	N	O
COVID-19,	N	O
do	N	O
đó	P	O
xuất	N	O
hiện	N	O
một	M	O
loạt	N	O
các	L	O
cụm	N	O
từ	E	O
vựng	N	O
mới	A	O
cực	N	O
kỳ	N	O
giá	N	O
trị	N	O
cho	N	O
mô	V	O
hình:	N	O
dịch_bệnh,	N	O
giảm_tải,	N	O
tinh_giản,	N	O
trực_tuyến,	N	O
phổ_điểm,	N	O
cốt_lõi,	N	O
xét_tuyển.	N	O
Tôi	P	O
đã	R	O
gom	N	O
cụm	N	O
kỹ	N	O
lưỡng	N	O
để	E	O
mô	V	O
hình	N	O
học	V	O
được	V	O
ngữ	N	O
cảnh	N	O
đặc	N	O
thù	N	O
này.	N	O

Dưới	N	O
đây	V	O
là	V	O
50	M	O
câu	N	O
đã	R	O
được	V	O
tiền	N	O
xử	N	O
lý	N	O
chuẩn	N	O
(đánh	N	O
số	N	O
từ	E	O
101	M	O
đến	E	O
150):	N	O

Đề_thi	N	O
năm	N	B-YEAR
2019	M	I-YEAR
có	V	O
độ	N	B-LEVEL
khó	A	I-LEVEL
trung_bình	A	I-LEVEL
và	Cc	O
phân_hóa	V	B-DISC
rõ_rệt	A	I-DISC
ở	E	O
nhóm	N	B-STRUC
câu	N	I-STRUC
hỏi	N	I-STRUC
vận_dụng	V	B-SKILL
cao	A	I-SKILL
.	CH	O

Đề_thi	N	O
hơi	R	B-LEVEL
khó	A	I-LEVEL
và	Cc	O
có	V	O
độ	N	B-DISC
phân_hóa	V	I-DISC
cao	A	I-DISC
.	CH	O

Đề_thi	N	O
năm	N	B-YEAR
2019	M	I-YEAR
có	V	O
độ	N	B-LEVEL
khó	A	I-LEVEL
thấp	A	I-LEVEL
nhưng	C	O
phân_hóa	V	B-DISC
chưa	R	I-DISC
tốt	A	I-DISC
giữa	N	O
các	L	O
nhóm	N	O
học_sinh	N	O
.	CH	O

Độ	N	B-LEVEL
khó	A	I-LEVEL
đề_thi	N	O
đã	R	O
giảm	V	B-LEVEL
đáng_kể	N	I-LEVEL
so	N	O
với	E	O
năm	N	B-YEAR
2018	M	I-YEAR
,	CH	O
khiến	N	O
đề_thi	N	O
dễ_thở	N	B-LEVEL
và	Cc	O
phù_hợp	N	B-LEVEL
hơn	R	I-LEVEL
.	CH	O

Đề_thi	N	O
tập_trung	V	O
vào	N	O
kỹ_năng	N	B-SKILL
giải	N	I-SKILL
nhanh	N	I-SKILL
và	Cc	O
giảm	V	O
bớt	N	O
các	L	O
câu	N	B-STRUC
hỏi	N	I-STRUC
tính_toán	N	B-SKILL
phức_tạp	N	B-LEVEL
.	CH	O

Đề_thi	N	O
có	V	O
độ	N	B-LEVEL
khó	A	I-LEVEL
vừa_phải	A	I-LEVEL
và	Cc	O
điểm_số	N	O
của	E	O
thí_sinh	N	O
khởi_sắc	N	O
trở_lại	N	O
.	CH	O

Sự	N	O
điều_chỉnh	N	O
hợp_lý	A	B-LEVEL
về	E	O
mức_độ	N	O
phân_hóa	V	B-DISC
giúp	V	O
ổn_định	A	O
tâm_lý	N	O
cho	N	O
học_sinh	N	O
.	CH	O

Nhìn_chung	R	O
,	CH	O
đề_thi	N	O
đã	R	O
cân_bằng	N	B-LEVEL
hơn	R	I-LEVEL
so	N	O
với	E	O
năm	N	B-YEAR
2018	M	I-YEAR
.	CH	O

Đề_thi	N	O
rất	R	B-LEVEL
dễ	A	I-LEVEL
so	N	O
với	E	O
kỹ_năng	N	B-SKILL
của	E	O
thí_sinh	N	O
.	CH	O

Đề_thi	N	O
phù_hợp	N	B-LEVEL
với	E	O
thí_sinh	N	O
.	CH	O

Đề_thi	N	O
gồm	N	O
khoảng	N	O
70	M	O
%	CH	O
kiến_thức	N	B-STRUC
cơ_bản	A	I-STRUC
,	CH	O
phân_hóa	V	B-DISC
tốt	A	I-DISC
ở	E	O
các	L	O
câu	N	B-STRUC
cuối	N	I-STRUC
và	Cc	O
phù_hợp	N	B-LEVEL
cho	N	O
mục_tiêu	N	O
xét	N	O
tốt_nghiệp	N	O
.	CH	O

Đề_thi	N	O
được	V	O
thiết_kế	N	O
nhẹ_nhàng	A	B-LEVEL
hơn	R	I-LEVEL
để	E	O
phù_hợp	N	B-LEVEL
với	E	O
tình_hình	N	O
dịch_bệnh	N	O
và	Cc	O
đảm_bảo	V	O
mục_tiêu	N	O
tốt_nghiệp	N	O
.	CH	O

Đề	N	O
Toán	N	O
năm	N	B-YEAR
2020	M	I-YEAR
tương_đối	A	B-LEVEL
nhẹ	N	I-LEVEL
,	CH	O
phù_hợp	N	B-LEVEL
cho	N	O
xét	N	O
tốt_nghiệp	N	O
nhưng	C	O
vẫn	R	O
có	V	O
một_số	L	O
câu	N	B-STRUC
để	E	O
phân_loại	V	B-DISC
.	CH	O

Đề_thi	N	O
được	V	O
giảm_tải	N	O
đáng_kể	N	O
do	N	O
ảnh_hưởng	N	O
của	E	O
dịch_bệnh	N	O
nên	C	O
mức_độ	N	O
rất	R	B-LEVEL
vừa_sức	A	I-LEVEL
.	CH	O

Đề_thi	N	O
năm	N	B-YEAR
2020	M	I-YEAR
nhẹ_nhàng	A	B-LEVEL
,	CH	O
bám_sát	V	O
nội_dung	N	B-STRUC
giảm_tải	N	I-STRUC
và	Cc	O
khiến	N	O
phổ_điểm	N	B-DISC
tăng	V	O
cao	A	O
do	N	O
ảnh_hưởng	N	O
của	E	O
dịch_bệnh	N	O
.	CH	O

Đề_thi	N	O
phù_hợp	N	B-LEVEL
với	E	O
thí_sinh	N	O
.	CH	O

Đề_thi	N	O
dễ	A	B-LEVEL
.	CH	O

Đề_thi	N	O
không	R	B-LEVEL
quá	R	I-LEVEL
khó	A	I-LEVEL
.	CH	O

Đề_thi	N	O
quá	R	B-LEVEL
dễ	A	I-LEVEL
.	CH	O

Đề_thi	N	O
không	R	B-LEVEL
quá	R	I-LEVEL
khó	A	I-LEVEL
nên	C	O
nhiều	L	O
thí_sinh	N	O
đạt	V	O
điểm	N	O
cao	A	O
.	CH	O

Đề_thi	N	O
được	V	O
giảm_tải	N	B-STRUC
sâu	A	I-STRUC
do	N	O
dịch_bệnh	N	O
,	CH	O
nội_dung	N	B-STRUC
dễ_thở	N	B-LEVEL
và	Cc	O
phù_hợp	N	B-LEVEL
với	E	O
bối_cảnh	N	O
chung	N	O
.	CH	O

Đề_thi	N	O
nhẹ_nhàng	A	B-LEVEL
do	N	O
ảnh_hưởng	N	O
dịch_bệnh	N	O
và	Cc	O
tập_trung	V	O
vào	N	O
mục_tiêu	N	B-STRUC
xét	N	I-STRUC
công_nhận	N	I-STRUC
tốt_nghiệp	N	I-STRUC
.	CH	O

Đề_thi	N	O
Tốt_nghiệp	N	B-STRUC
THPT	N	I-STRUC
môn	N	O
Toán	N	O
năm	N	B-YEAR
2020	M	I-YEAR
được	V	O
đánh_giá	V	O
là	V	O
nhẹ_nhàng	A	B-LEVEL
,	CH	O
dễ_thở	N	B-LEVEL
và	Cc	O
sát	N	O
với	E	O
chương_trình	N	B-STRUC
tinh_giản	N	I-STRUC
của	E	O
Bộ	N	O
Giáo_dục	N	O
và	Cc	O
Đào_tạo	N	O
.	CH	O

Đề_thi	N	O
bám_sát	V	O
chương_trình	N	B-STRUC
đào_tạo	N	I-STRUC
.	CH	O

Đề_thi	N	O
Toán	N	O
năm	N	B-YEAR
2020	M	I-YEAR
vừa_sức	A	B-LEVEL
và	Cc	O
nhẹ_nhàng	A	B-LEVEL
.	CH	O

Đề_thi	N	O
Toán	N	O
năm	N	B-YEAR
2020	M	I-YEAR
quá	R	B-LEVEL
dễ	A	I-LEVEL
do	N	O
ảnh_hưởng	N	O
dịch_bệnh	N	O
nên	C	O
khả_năng	N	B-DISC
phân_hóa	V	I-DISC
kém	A	I-DISC
.	CH	O

Nội_dung	N	B-STRUC
đề_thi	N	I-STRUC
được	V	O
tinh_giản	V	O
tối_đa	N	O
nhằm	N	O
hỗ_trợ	N	O
thí_sinh	N	O
trong	E	O
giai_đoạn	N	O
dịch_bệnh	N	O
.	CH	O

Năm	N	B-YEAR
2020	M	I-YEAR
,	CH	O
đề_thi	N	O
tương_đối	A	B-LEVEL
nhẹ	N	I-LEVEL
,	CH	O
có	V	O
nhiều	L	O
câu	N	B-STRUC
cơ_bản	A	I-STRUC
và	Cc	O
phù_hợp	N	B-LEVEL
cho	N	O
cả	N	O
xét	N	O
tốt_nghiệp	N	O
lẫn	Cc	O
tuyển_sinh	N	O
.	CH	O

Năm	N	B-YEAR
2020	M	I-YEAR
,	CH	O
đề_thi	N	O
rất	R	B-LEVEL
dễ	A	I-LEVEL
do	N	O
dịch_bệnh	N	O
,	CH	O
phổ_điểm	N	B-DISC
tăng	V	I-DISC
mạnh	A	I-DISC
và	Cc	O
tập_trung	V	O
vào	N	O
mục_tiêu	N	B-STRUC
tốt_nghiệp	N	I-STRUC
.	CH	O

Đề_thi	N	O
chỉ	R	O
tạo	V	O
phân_hóa	V	B-DISC
ở	E	O
khoảng	N	B-STRUC
10	M	I-STRUC
câu	N	I-STRUC
cuối	N	I-STRUC
.	CH	O

Đề_thi	N	O
dễ	A	B-LEVEL
hơn	R	I-LEVEL
,	CH	O
phù_hợp	N	B-LEVEL
cho	N	O
xét	N	O
tốt_nghiệp	N	O
và	Cc	O
giảm	V	B-LEVEL
độ	N	I-LEVEL
khó	A	I-LEVEL
do	N	O
dịch_bệnh	N	O
.	CH	O

Năm	N	B-YEAR
2020	M	I-YEAR
,	CH	O
đề_thi	N	O
tương_đối	A	B-LEVEL
dễ	A	I-LEVEL
và	Cc	O
thiên_về	N	O
mục_tiêu	N	B-STRUC
xét	N	I-STRUC
tốt_nghiệp	N	I-STRUC
hơn	R	O
là	V	O
tuyển_sinh	N	B-STRUC
đại_học	N	I-STRUC
.	CH	O

Đề_thi	N	O
năm	N	B-YEAR
2020	M	I-YEAR
nhẹ_nhàng	A	B-LEVEL
hơn	R	I-LEVEL
và	Cc	O
tập_trung	V	O
kiểm_tra	V	O
kiến_thức	N	B-STRUC
cơ_bản	A	I-STRUC
do	N	O
ảnh_hưởng	N	O
của	E	O
dịch_bệnh	N	O
.	CH	O

Đề_thi	N	O
hơi	R	B-LEVEL
khó	A	I-LEVEL
nhưng	C	O
vẫn	R	O
có	V	O
sự	N	B-DISC
phân_hóa	V	I-DISC
.	CH	O

Đề_thi	N	O
năm	N	B-YEAR
2020	M	I-YEAR
có	V	O
độ	N	B-LEVEL
khó	A	I-LEVEL
thấp	A	I-LEVEL
và	Cc	O
phân_hóa	V	B-DISC
tốt	A	I-DISC
học_sinh	N	O
.	CH	O

Đề_thi	N	O
nhẹ_nhàng	A	B-LEVEL
do	N	O
ảnh_hưởng	N	O
dịch_bệnh	N	O
nên	C	O
đa_số	N	O
thí_sinh	N	O
đạt	V	O
điểm	N	O
khá	R	O
giỏi	A	O
.	CH	O

Đề_thi	N	O
giảm_tải	N	B-STRUC
nhiều	L	O
nội_dung	N	B-STRUC
khó	A	B-LEVEL
và	Cc	O
tập_trung	V	O
vào	N	O
kiến_thức	N	B-STRUC
cốt_lõi	N	I-STRUC
của	E	O
chương_trình	N	B-STRUC
.	CH	O

Đề_thi	N	O
được	V	O
tinh_giản	N	B-STRUC
tối_đa	N	I-STRUC
để	E	O
phù_hợp	N	B-LEVEL
với	E	O
bối_cảnh	N	O
học_tập	N	O
trực_tuyến	N	O
.	CH	O

Đề_thi	N	O
có	V	O
mức	N	B-DISC
phân_hóa	V	I-DISC
thấp	A	I-DISC
,	CH	O
khiến	N	O
phổ_điểm	N	B-DISC
lệch	N	I-DISC
phải	N	I-DISC
rõ_rệt	A	I-DISC
vì	C	O
đề	N	O
khá	R	B-LEVEL
dễ	A	I-LEVEL
.	CH	O

Đề_thi	N	O
ở	E	O
mức	N	B-LEVEL
vừa_phải	A	I-LEVEL
và	Cc	O
có	V	O
độ	N	B-DISC
phân_hóa	V	I-DISC
tương_đối	A	I-DISC
.	CH	O

Đề_thi	N	O
mang	V	O
tính	N	B-LEVEL
hỗ_trợ	N	I-LEVEL
cao	A	I-LEVEL
cho	N	O
học_sinh	N	O
trong	E	O
giai_đoạn	N	O
khó_khăn	N	O
chung	N	O
.	CH	O

Thí_sinh	N	O
nắm	V	O
vững	A	O
kiến_thức	N	B-STRUC
căn_bản	N	I-STRUC
có_thể	V	O
dễ_dàng	A	O
đạt	V	O
điểm	N	O
cao	A	O
trong	E	O
kỳ_thi	N	B-STRUC
này	P	O
.	CH	O

Đề_thi	N	O
khá	R	B-LEVEL
dễ	A	I-LEVEL
đối_với	E	O
thí_sinh	N	O
.	CH	O

Đề_thi	N	O
phù_hợp	N	B-LEVEL
với	E	O
thí_sinh	N	O
.	CH	O

Đề_thi	N	O
vừa_sức	A	B-LEVEL
và	Cc	O
có	V	O
cấu_trúc	N	B-STRUC
ổn_định	A	I-STRUC
.	CH	O

Đề_thi	N	O
có	V	O
cấu_trúc	N	B-STRUC
ổn_định	A	I-STRUC
,	CH	O
tỷ_trọng	N	O
câu	N	B-STRUC
hỏi	N	I-STRUC
cơ_bản	A	I-STRUC
cao	A	O
nhưng	C	O
vẫn	R	O
có	V	O
các	L	O
câu	N	B-STRUC
hỏi	N	I-STRUC
phân_loại	V	B-DISC
tốt	A	I-DISC
.	CH	O

Đề	N	O
Toán	N	O
năm	N	B-YEAR
2021	M	I-YEAR
có	V	O
độ	N	B-LEVEL
khó	A	I-LEVEL
trung_bình	A	I-LEVEL
và	Cc	O
tăng_cường	V	O
các	L	O
câu	N	B-STRUC
hỏi	N	I-STRUC
vận_dụng	V	B-SKILL
thực_tế	N	I-SKILL
.	CH	O

Đề_thi	N	O
bám_sát	V	O
cấu_trúc	N	B-STRUC
minh_họa	N	I-STRUC
và	Cc	O
tập_trung	V	O
kiểm_tra	V	O
kiến_thức	N	B-STRUC
cơ_bản	A	I-STRUC
.	CH	O

Năm	N	B-YEAR
2021	M	I-YEAR
,	CH	O
đề_thi	N	O
giữ	V	O
mức_độ	N	B-LEVEL
ổn_định	A	I-LEVEL
,	CH	O
bám_sát	V	O
cấu_trúc	N	B-STRUC
minh_họa	N	I-STRUC
và	Cc	O
phân_hóa	V	B-DISC
nhẹ	N	I-DISC
ở	E	O
phần	N	B-STRUC
cuối	N	I-STRUC
.	CH	O

Đề_thi	N	O
phù_hợp	N	B-LEVEL
với	E	O
thí_sinh	N	O
.	CH	O

Đề_thi	N	O
dễ	A	B-LEVEL
.	CH	O

Đề_thi	N	O
không	R	B-LEVEL
quá	R	I-LEVEL
khó	A	I-LEVEL
.	CH	O

Đề_thi	N	O
đơn_giản	A	B-LEVEL
.	CH	O

Đề_thi	N	O
khó	A	B-LEVEL
hơn	R	I-LEVEL
năm	N	B-YEAR
2021	M	I-YEAR
.	CH	O

Cấu_trúc	N	B-STRUC
đề_thi	N	I-STRUC
bám_sát	V	O
đề	N	B-STRUC
minh_họa	N	I-STRUC
,	CH	O
tập_trung	V	O
kiến_thức	N	B-STRUC
cơ_bản	A	I-STRUC
và	Cc	O
vẫn	R	O
có	V	O
sự	N	B-DISC
phân_hóa	V	I-DISC
nhẹ	N	I-DISC
.	CH	O

Đề_thi	N	O
có	V	O
mức_độ	N	B-LEVEL
tương_đương	N	I-LEVEL
năm	N	B-YEAR
2020	M	I-YEAR
và	Cc	O
phân_hóa	V	B-DISC
tốt	A	I-DISC
ở	E	O
các	L	O
câu	N	B-STRUC
cuối	N	I-STRUC
.	CH	O

Đề_thi	N	O
tốt_nghiệp	N	B-STRUC
THPT	N	I-STRUC
môn	N	O
Toán	N	O
năm	N	B-YEAR
2021	M	I-YEAR
được	V	O
đánh_giá	V	O
là	V	O
vừa_sức	A	B-LEVEL
,	CH	O
có	V	O
cấu_trúc	N	B-STRUC
ổn_định	A	I-STRUC
và	Cc	O
bám_sát	V	O
đề	N	B-STRUC
minh_họa	N	I-STRUC
của	E	O
Bộ	N	O
Giáo_dục	N	O
và	Cc	O
Đào_tạo	N	O
.	CH	O

Đề_thi	N	O
không	R	B-LEVEL
quá	R	I-LEVEL
khó	A	I-LEVEL
nhưng	C	O
có	V	O
mức	N	B-DISC
phân_cấp	N	I-DISC
để	E	O
phân_loại	V	B-DISC
học_sinh	N	O
.	CH	O

Đề_thi	N	O
THPT_Quốc_gia	N	B-STRUC
môn	N	O
Toán	N	O
năm	N	B-YEAR
2021	M	I-YEAR
được	V	O
cho	N	O
là	V	O
dễ	A	B-LEVEL
nhất	R	I-LEVEL
trong	E	O
giai_đoạn	N	B-YEAR
2017	M	I-YEAR
đến	E	I-YEAR
2025	M	I-YEAR
.	CH	O

Đề_thi	N	O
Toán	N	O
năm	N	B-YEAR
2021	M	I-YEAR
có	V	O
độ	N	B-LEVEL
khó	A	I-LEVEL
được	V	O
cải_thiện	N	O
so	N	O
với	E	O
năm	N	B-YEAR
2020	M	I-YEAR
và	Cc	O
có	V	O
độ	N	B-DISC
phân_hóa	V	I-DISC
tốt	A	I-DISC
.	CH	O

Đề_thi	N	O
ở	E	O
mức	N	B-LEVEL
bình_thường	N	I-LEVEL
.	CH	O

Ma_trận	N	B-STRUC
đề_thi	N	I-STRUC
ổn_định	A	I-STRUC
và	Cc	O
chuẩn_mực	N	B-STRUC
,	CH	O
tập_trung	V	O
đánh_giá	V	O
năng_lực	N	B-SKILL
cơ_bản	A	I-SKILL
theo_sát	N	O
chương_trình	N	B-STRUC
học	V	I-STRUC
.	CH	O

Năm	N	B-YEAR
2021	M	I-YEAR
,	CH	O
đề_thi	N	O
phân_hóa	V	B-DISC
rõ	A	I-DISC
hơn	R	I-DISC
và	Cc	O
có	V	O
nhiều	L	O
câu	N	B-STRUC
vận_dụng	V	B-SKILL
khó	A	B-LEVEL
ở	E	O
cuối	N	B-STRUC
đề	N	I-STRUC
.	CH	O

Năm	N	B-YEAR
2021	M	I-YEAR
,	CH	O
mức_độ	N	B-LEVEL
đề_thi	N	O
tương_đương	N	B-LEVEL
năm	N	B-YEAR
2020	M	I-YEAR
,	CH	O
đề	N	O
an_toàn	N	B-LEVEL
và	Cc	O
bám_sát	V	O
nội_dung	N	B-STRUC
tinh_giản	N	I-STRUC
của	E	O
Bộ	N	O
.	CH	O

Đề_thi	N	O
có	V	O
mức_độ	N	B-LEVEL
tương_đương	N	I-LEVEL
năm	N	B-YEAR
2020	M	I-YEAR
và	Cc	O
có	V	O
cấu_trúc	N	B-STRUC
quen_thuộc	N	I-STRUC
.	CH	O

Đề_thi	N	O
ở	E	O
mức	N	B-LEVEL
trung_bình	A	I-LEVEL
,	CH	O
có	V	O
phân_hóa	V	B-DISC
nhẹ	N	I-DISC
,	CH	O
nhiều	L	O
câu	N	B-STRUC
cơ_bản	A	I-STRUC
và	Cc	O
dễ	A	B-LEVEL
đạt	V	O
điểm	N	O
khá	R	O
.	CH	O

Năm	N	B-YEAR
2021	M	I-YEAR
,	CH	O
đề_thi	N	O
ở	E	O
mức	N	B-LEVEL
trung_bình	A	I-LEVEL
khá	R	I-LEVEL
,	CH	O
có	V	O
vài	N	O
câu	N	B-STRUC
phân_loại	V	B-DISC
nhưng	C	O
không	R	O
quá	R	B-LEVEL
đánh_đố	N	I-LEVEL
.	CH	O

Đề_thi	N	O
năm	N	B-YEAR
2021	M	I-YEAR
có	V	O
độ	N	B-LEVEL
khó	A	I-LEVEL
ổn_định	A	I-LEVEL
,	CH	O
bám_sát	V	O
đề	N	B-STRUC
minh_họa	N	I-STRUC
và	Cc	O
phù_hợp	N	B-LEVEL
cho	N	O
mục_tiêu	N	O
xét_tuyển	V	B-STRUC
đại_học	N	I-STRUC
.	CH	O

Đề_thi	N	O
hơi	R	B-LEVEL
khó	A	I-LEVEL
nhưng	C	O
vẫn	R	O
có	V	O
sự	N	B-DISC
phân_hóa	V	I-DISC
.	CH	O

Đề_thi	N	O
năm	N	B-YEAR
2021	M	I-YEAR
có	V	O
độ	N	B-LEVEL
khó	A	I-LEVEL
thấp	A	I-LEVEL
và	Cc	O
phân_hóa	V	B-DISC
tốt	A	I-DISC
học_sinh	N	O
.	CH	O

Đề_thi	N	O
giữ	V	O
mức_độ	N	B-LEVEL
ổn_định	A	I-LEVEL
,	CH	O
dễ	A	B-LEVEL
hơn	R	I-LEVEL
năm	N	B-YEAR
2019	M	I-YEAR
nhưng	C	O
khó	A	B-LEVEL
hơn	R	I-LEVEL
một_chút	N	O
so	N	O
với	E	O
năm	N	B-YEAR
2020	M	I-YEAR
.	CH	O

Cấu_trúc	N	B-STRUC
đề_thi	N	I-STRUC
bám_sát	V	O
đề	N	B-STRUC
minh_họa	N	I-STRUC
và	Cc	O
không	R	O
có	V	O
nhiều	L	O
yếu_tố	N	O
bất_ngờ	N	O
.	CH	O

Đề_thi	N	O
phù_hợp	N	B-LEVEL
với	E	O
tình_hình	N	O
học_tập	N	O
và	Cc	O
đảm_bảo	V	O
tốt	A	O
mục_tiêu	N	O
xét_tuyển	V	B-STRUC
.	CH	O

Độ	N	B-LEVEL
khó	A	I-LEVEL
đề_thi	N	O
được	V	O
duy_trì	V	O
ở	E	O
mức	N	B-LEVEL
an_toàn	N	I-LEVEL
và	Cc	O
phản_ánh	V	O
đúng	R	O
trọng_tâm	N	B-STRUC
kiến_thức	N	I-STRUC
.	CH	O

Đề_thi	N	O
có	V	O
độ	N	B-DISC
phân_hóa	V	I-DISC
vừa_phải	A	I-DISC

Đề_thi	N	O
thực_hiện	N	O
phân_tầng	N	B-DISC
thí_sinh	N	I-DISC
khéo_léo	N	O
thông_qua	N	O
các	L	O
câu	N	B-STRUC
hỏi	N	I-STRUC
gắn	N	O
với	E	O
thực_tế	N	B-SKILL
.	CH	O

Đề_thi	N	O
khá	R	B-LEVEL
dễ	A	I-LEVEL
đối_với	E	O
thí_sinh	N	O
.	CH	O

Đề_thi	N	O
phù_hợp	N	B-LEVEL
với	E	O
thí_sinh	N	O
.	CH	O

Đề_thi	N	O
có	V	O
độ	N	B-DISC
phân_hóa	V	I-DISC
cao	A	I-DISC
.	CH	O

Độ	N	B-LEVEL
khó	A	I-LEVEL
đề_thi	N	O
tăng	V	B-LEVEL
nhẹ	N	I-LEVEL
so	N	O
với	E	O
năm	N	B-YEAR
trước	N	I-YEAR
và	Cc	O
yêu_cầu	N	O
thí_sinh	N	O
tư_duy	N	B-SKILL
mạch_lạc	N	I-SKILL
,	CH	O
chính_xác	N	B-SKILL
.	CH	O

Đề	N	O
Toán	N	O
năm	N	B-YEAR
2022	M	I-YEAR
tương_đối	A	B-LEVEL
ổn_định	A	I-LEVEL
và	Cc	O
phân_hóa	V	B-DISC
rõ	A	I-DISC
nhóm	N	O
học_sinh	N	O
khá	R	O
giỏi	A	O
.	CH	O

Độ	N	B-LEVEL
khó	A	I-LEVEL
tăng	V	B-LEVEL
nhẹ	N	I-LEVEL
ở	E	O
các	L	O
câu	N	B-STRUC
vận_dụng	V	B-SKILL
cao	A	I-SKILL
nên	C	O
mức	N	O
phân_hóa	V	B-DISC
khá	R	I-DISC
rõ_nét	N	I-DISC
.	CH	O

Năm	N	B-YEAR
2022	M	I-YEAR
,	CH	O
độ	N	B-LEVEL
khó	A	I-LEVEL
tăng	V	B-LEVEL
nhẹ	N	I-LEVEL
và	Cc	O
xuất_hiện	V	O
nhiều	L	O
câu	N	B-STRUC
hỏi	N	I-STRUC
lắt_léo	N	B-LEVEL
,	CH	O
đòi_hỏi	V	O
tư_duy	N	B-SKILL
nhanh	N	I-SKILL
.	CH	O

Đề_thi	N	O
phù_hợp	N	B-LEVEL
với	E	O
thí_sinh	N	O
.	CH	O

Đề_thi	N	O
dễ	A	B-LEVEL
.	CH	O

Đề_thi	N	O
không	R	B-LEVEL
quá	R	I-LEVEL
khó	A	I-LEVEL
.	CH	O

Đề_thi	N	O
đơn_giản	A	B-LEVEL
.	CH	O

Đề_thi	N	O
tương_đối	A	B-LEVEL
khó	A	I-LEVEL
và	Cc	O
có	V	O
mức_độ	N	B-DISC
phân_hóa	V	I-DISC
cao	A	I-DISC
.	CH	O

Độ	N	B-LEVEL
khó	A	I-LEVEL
tăng	V	B-LEVEL
nhẹ	N	I-LEVEL
ở	E	O
nhóm	N	B-STRUC
câu	N	I-STRUC
vận_dụng	V	B-SKILL
cao	A	I-SKILL
và	Cc	O
giúp	V	O
phân_loại	V	B-DISC
học_sinh	N	O
khá	R	O
giỏi	A	O
rất	R	O
rõ_rệt	A	O
.	CH	O

Đề_thi	N	O
có	V	O
tính	N	B-DISC
phân_loại	V	I-DISC
thí_sinh	N	O
cao	A	B-DISC
ở	E	O
các	L	O
câu	N	B-STRUC
hỏi	N	I-STRUC
gắn	N	O
với	E	O
thực_tế	N	B-SKILL
.	CH	O

Đề_thi	N	O
tốt_nghiệp	N	B-STRUC
THPT	N	I-STRUC
môn	N	O
Toán	N	O
năm	N	B-YEAR
2022	M	I-YEAR
được	V	O
đánh_giá	V	O
là	V	O
tương_đối	A	B-LEVEL
khó	A	I-LEVEL
,	CH	O
có	V	O
tính	N	B-DISC
phân_hóa	V	I-DISC
cao	A	I-DISC
và	Cc	O
khó	A	B-LEVEL
lấy	N	O
điểm	N	O
tuyệt_đối	N	O
từ	E	O
9	M	O
đến	E	O
10	M	O
hơn	R	O
so	N	O
với	E	O
năm	N	B-YEAR
2021	M	I-YEAR
.	CH	O

Đề_thi	N	O
có	V	O
độ	N	B-DISC
phân_hóa	V	I-DISC
rõ	A	I-DISC
và	Cc	O
giúp	V	O
phân_cấp	N	B-DISC
trình_độ	N	I-DISC
học_sinh	N	O
.	CH	O

Đề	N	O
Toán	N	O
năm	N	B-YEAR
2022	M	I-YEAR
khó	A	B-LEVEL
,	CH	O
đòi_hỏi	V	O
học_sinh	N	O
vững	N	O
kiến_thức	N	B-STRUC
nền_tảng	N	I-STRUC
và	Cc	O
có	V	O
tư_duy	N	B-SKILL
logic	N	I-SKILL
tốt	A	I-SKILL
.	CH	O

Đề_thi	N	O
Toán	N	O
năm	N	B-YEAR
2022	M	I-YEAR
có	V	O
độ	N	B-LEVEL
khó	A	I-LEVEL
phù_hợp	N	I-LEVEL
sau	A	O
giai_đoạn	N	B-YEAR
dịch_bệnh	N	I-YEAR
và	Cc	O
có	V	O
tính	N	B-DISC
phân_hóa	V	I-DISC
cao	A	I-DISC
.	CH	O

Đề_thi	N	O
ở	E	O
mức	N	B-LEVEL
bình_thường	N	I-LEVEL
.	CH	O

Độ	N	B-LEVEL
khó	A	I-LEVEL
tăng	V	B-LEVEL
rõ	A	I-LEVEL
ở	E	O
nhóm	N	B-STRUC
câu	N	I-STRUC
vận_dụng	V	B-SKILL
cao	A	I-SKILL
,	CH	O
tạo	V	O
ra	N	O
sự	N	O
phân_tách	N	B-DISC
hiệu_quả	N	I-DISC
giữa	N	O
các	L	O
thí_sinh	N	O
.	CH	O

Năm	N	B-YEAR
2022	M	I-YEAR
,	CH	O
đề_thi	N	O
khá	R	B-LEVEL
khó	A	I-LEVEL
,	CH	O
áp_lực	N	B-SKILL
thời_gian	N	I-SKILL
lớn	N	I-SKILL
và	Cc	O
có	V	O
nhiều	L	O
câu	N	B-STRUC
xác_suất	N	B-SKILL
,	CH	O
tích_phân	N	B-SKILL
lạ	V	B-LEVEL
.	CH	O

Năm	N	B-YEAR
2022	M	I-YEAR
,	CH	O
độ	N	B-LEVEL
khó	A	I-LEVEL
tăng	V	B-LEVEL
trở_lại	N	I-LEVEL
,	CH	O
có	V	O
nhiều	L	O
câu	N	B-STRUC
vận_dụng	V	B-SKILL
lắt_léo	N	B-LEVEL
và	Cc	O
yêu_cầu	N	O
tốc_độ	N	B-SKILL
xử_lý	V	I-SKILL
cao	A	I-SKILL
.	CH	O

Đề_thi	N	O
khó	A	B-LEVEL
hơn	R	I-LEVEL
năm	N	B-YEAR
trước	N	I-YEAR
.	CH	O

Đề_thi	N	O
tương_đối	A	B-LEVEL
khó	A	I-LEVEL
,	CH	O
tăng_cường	N	O
phân_hóa	V	B-DISC
và	Cc	O
có	V	O
nhiều	L	O
câu	N	B-STRUC
ở	E	O
mức	N	O
vận_dụng	V	B-SKILL
và	Cc	O
vận_dụng	V	B-SKILL
cao	A	I-SKILL
.	CH	O

Năm	N	B-YEAR
2022	M	I-YEAR
,	CH	O
đề_thi	N	O
khó	A	B-LEVEL
hơn	R	I-LEVEL
năm	N	B-YEAR
2021	M	I-YEAR
,	CH	O
tăng	V	O
yêu_cầu	N	O
về	E	O
tư_duy	N	B-SKILL
và	Cc	O
kỹ_năng	N	B-SKILL
xử_lý	V	I-SKILL
nhanh	N	I-SKILL
.	CH	O

Đề_thi	N	O
năm	N	B-YEAR
2022	M	I-YEAR
có	V	O
cấu_trúc	N	B-STRUC
ổn_định	A	I-STRUC
và	Cc	O
mức_độ	N	O
phân_hóa	V	B-DISC
tăng	V	I-DISC
dần	N	I-DISC
ở	E	O
các	L	O
câu	N	B-STRUC
cuối	N	I-STRUC
.	CH	O

Đề_thi	N	O
có	V	O
độ	N	B-LEVEL
khó	A	I-LEVEL
ở	E	I-LEVEL
mức	N	I-LEVEL
trung_bình	A	I-LEVEL
đến	E	I-LEVEL
khó	A	I-LEVEL
và	Cc	O
vẫn	R	O
có	V	O
tính	N	O
phân_hóa	V	B-DISC
.	CH	O

Đề_thi	N	O
năm	N	B-YEAR
2022	M	I-YEAR
có	V	O
độ	N	B-LEVEL
khó	A	I-LEVEL
thấp	A	I-LEVEL
nhưng	C	O
phân_hóa	V	B-DISC
tốt	A	I-DISC
học_sinh	N	O
.	CH	O

Đề_thi	N	O
bắt_đầu	N	O
tăng	V	O
dần	N	O
độ	N	O
phân_hóa	V	B-DISC
ở	E	O
khoảng	N	B-STRUC
10	M	I-STRUC
câu	N	I-STRUC
cuối	N	I-STRUC
để	E	O
chọn_lọc	N	B-DISC
học_sinh	N	O
.	CH	O

Các	L	O
câu	N	B-STRUC
hỏi	N	I-STRUC
vận_dụng	V	B-SKILL
cao	A	I-SKILL
xuất_hiện	V	O
nhiều	L	O
hơn	R	O
và	Cc	O
đòi_hỏi	V	O
kỹ_năng	N	B-SKILL
biến_đổi	N	I-SKILL
tốt	A	I-SKILL
.	CH	O

Đề_thi	N	O
có	V	O
sự	N	O
phân_hóa	V	B-DISC
rõ_rệt	A	I-DISC
hơn	R	I-DISC
so	N	O
với	E	O
hai	M	B-YEAR
năm	N	I-YEAR
dịch_bệnh	N	I-YEAR
trước	N	I-YEAR
đó	P	I-YEAR
.	CH	O

Mức_độ	N	B-LEVEL
khó	A	I-LEVEL
tăng	V	B-LEVEL
nhẹ	N	I-LEVEL
và	Cc	O
đảm_bảo	V	O
tính	N	O
công_bằng	N	O
trong	E	O
việc	N	O
xét_tuyển	V	B-STRUC
đại_học	N	I-STRUC
.	CH	O

Mức_độ	N	B-LEVEL
khó	A	I-LEVEL
tăng	V	B-LEVEL
nhẹ	N	I-LEVEL
và	Cc	O
đảm_bảo	V	O
tính	N	O
công_bằng	N	O
trong	E	O
việc	N	O
xét_tuyển	V	B-STRUC
đại_học	N	I-STRUC
.	CH	O

Đề_thi	N	O
yêu_cầu	N	O
thí_sinh	N	O
có	V	O
sự	N	O
chuẩn_bị	N	O
kỹ_lưỡng	N	O
về	E	O
mọi	N	O
mặt	N	O
.	CH	O

Đề_thi	N	O
khá	R	B-LEVEL
dễ	A	I-LEVEL
đối_với	E	O
thí_sinh	N	O
.	CH	O

Đề_thi	N	O
phù_hợp	N	B-LEVEL
với	E	O
thí_sinh	N	O
.	CH	O

Đề_thi	N	O
có	V	O
độ	N	B-DISC
phân_hóa	V	I-DISC
cao	A	I-DISC
và	Cc	O
kiến_thức	N	B-STRUC
bám_sát	V	O
chương_trình	N	B-STRUC
.	CH	O

Đề_thi	N	O
bám_sát	V	O
cấu_trúc	N	B-STRUC
minh_họa	N	I-STRUC
,	CH	O
có	V	O
độ	N	B-LEVEL
khó	A	I-LEVEL
vừa	N	I-LEVEL
tầm	R	I-LEVEL
và	Cc	O
phân_hóa	V	B-DISC
khá	R	I-DISC
rõ_rệt	A	I-DISC
.	CH	O

Đề	N	O
Toán	N	O
năm	N	B-YEAR
2023	M	I-YEAR
khá	R	B-LEVEL
cân_bằng	N	I-LEVEL
,	CH	O
mức_độ	N	B-LEVEL
vừa_phải	A	I-LEVEL
và	Cc	O
ít	R	O
câu	N	B-STRUC
quá	R	B-LEVEL
khó	A	I-LEVEL
.	CH	O

Đề_thi	N	O
có	V	O
nhiều	L	O
câu	N	B-STRUC
hỏi	N	I-STRUC
lạ	V	B-LEVEL
và	Cc	O
đòi_hỏi	V	O
tư_duy	N	B-SKILL
linh_hoạt	N	I-SKILL
để	E	O
đạt	V	O
mức	N	O
điểm	N	O
từ	E	O
9	M	O
trở	N	O
lên	N	O
.	CH	O

Năm	N	B-YEAR
2023	M	I-YEAR
,	CH	O
đề_thi	N	O
khá	R	B-LEVEL
lạ	V	I-LEVEL
và	Cc	O
dài	N	B-LEVEL
,	CH	O
các	L	O
câu	N	B-STRUC
vận_dụng	V	B-SKILL
cao	A	I-SKILL
có	V	O
tính	N	O
đánh_đố	N	B-LEVEL
hơn	R	I-LEVEL
.	CH	O

Đề_thi	N	O
phù_hợp	N	B-LEVEL
với	E	O
thí_sinh	N	O
.	CH	O

Đề_thi	N	O
có	V	O
độ	N	O
phân_hóa	V	B-DISC
tốt	A	I-DISC
.	CH	O

Đề_thi	N	O
không	R	B-LEVEL
quá	R	I-LEVEL
khó	A	I-LEVEL
.	CH	O

Đề_thi	N	O
ở	E	O
mức	N	B-LEVEL
cơ_bản	A	I-LEVEL
.	CH	O

Đề_thi	N	O
khó	A	B-LEVEL
và	Cc	O
không	R	O
kém	A	O
gì	P	O
năm	N	B-YEAR
2022	M	I-YEAR
.	CH	O

Đề_thi	N	O
xuất_hiện	V	O
nhiều	L	O
dạng	N	B-STRUC
toán	N	I-STRUC
lạ	V	B-LEVEL
và	Cc	O
yêu_cầu	N	O
tư_duy	N	B-SKILL
linh_hoạt	N	I-SKILL
để	E	O
chinh_phục	V	O
điểm	N	O
9	M	O
và	Cc	O
10	M	O
.	CH	O

Đề_thi	N	O
khá	R	B-LEVEL
lắt_léo	N	I-LEVEL
,	CH	O
đòi_hỏi	V	O
thí_sinh	N	O
nắm	V	O
chắc	A	O
bản_chất	N	B-SKILL
và	Cc	O
có	V	O
tư_duy	N	B-SKILL
nhanh	N	I-SKILL
.	CH	O

Đề_thi	N	O
tốt_nghiệp	N	B-STRUC
THPT	N	I-STRUC
môn	N	O
Toán	N	O
năm	N	B-YEAR
2023	M	I-YEAR
được	V	O
đánh_giá	V	O
là	V	O
có	V	O
độ	N	B-LEVEL
khó	A	I-LEVEL
nhỉnh	N	I-LEVEL
hơn	R	I-LEVEL
so	N	O
với	E	O
năm	N	B-YEAR
2022	M	I-YEAR
và	Cc	O
đề	N	B-STRUC
minh_họa	N	I-STRUC
của	E	O
Bộ	N	O
Giáo_dục	N	O
và	Cc	O
Đào_tạo	N	O
,	CH	O
với	E	O
tính	N	B-DISC
phân_hóa	V	I-DISC
cao	A	I-DISC
,	CH	O
đặc_biệt	N	O
ở	E	O
nhóm	N	B-STRUC
câu	N	I-STRUC
hỏi	N	I-STRUC
cuối	N	I-STRUC
.	CH	O

Đề_thi	N	O
khá	R	B-LEVEL
dễ	A	I-LEVEL
ở	E	O
40	M	B-STRUC
câu	N	I-STRUC
đầu	N	I-STRUC
và	Cc	O
10	M	B-STRUC
câu	N	I-STRUC
cuối	N	I-STRUC
phân_cấp	N	B-DISC
độ	N	I-DISC
rõ_rệt	A	I-DISC
.	CH	O

Đề_thi	N	O
tốt_nghiệp	N	B-STRUC
THPT	N	I-STRUC
môn	N	O
Toán	N	O
năm	N	B-YEAR
2023	M	I-YEAR
khó	A	B-LEVEL
và	Cc	O
có	V	O
tính	N	B-DISC
phân_hóa	V	I-DISC
cao	A	I-DISC
.	CH	O

Đề_thi	N	O
Toán	N	O
năm	N	B-YEAR
2023	M	I-YEAR
khó	A	B-LEVEL
,	CH	O
lạ	V	B-LEVEL
và	Cc	O
có	V	O
tính	N	B-DISC
phân_hóa	V	I-DISC
cao	A	I-DISC
.	CH	O

Đề_thi	N	O
có	V	O
độ	N	B-LEVEL
khó	A	I-LEVEL
vừa_sức	A	I-LEVEL
.	CH	O

Đề_thi	N	O
đề_cao	A	O
tính	N	B-SKILL
sáng_tạo	N	I-SKILL
qua	R	O
các	L	O
câu	N	B-STRUC
hỏi	N	I-STRUC
lạ	V	B-LEVEL
và	Cc	O
đòi_hỏi	V	O
tư_duy	N	B-SKILL
giải_quyết	V	I-SKILL
vấn_đề	N	I-SKILL
đột_phá	N	I-SKILL
.	CH	O

Năm	N	B-YEAR
2023	M	I-YEAR
,	CH	O
đề_thi	N	O
cân_bằng	N	B-LEVEL
hơn	R	I-LEVEL
,	CH	O
cấu_trúc	N	B-STRUC
quen_thuộc	N	I-STRUC
và	Cc	O
học	V	O
chắc	N	O
kiến_thức	N	B-SKILL
có_thể	V	O
dễ	A	B-LEVEL
đạt	V	O
điểm	N	O
khá	R	O
.	CH	O

Năm	N	B-YEAR
2023	M	I-YEAR
,	CH	O
đề_thi	N	O
phân_hóa	V	B-DISC
sâu	A	I-DISC
ở	E	O
nhóm	N	B-STRUC
câu	N	I-STRUC
cuối	N	I-STRUC
,	CH	O
câu	N	B-STRUC
hỏi	N	I-STRUC
dài	N	B-LEVEL
và	Cc	O
có	V	O
tính	N	B-LEVEL
đánh_đố	N	I-LEVEL
.	CH	O

Đề_thi	N	O
có	V	O
độ	N	B-LEVEL
khó	A	I-LEVEL
vừa_phải	A	I-LEVEL
.	CH	O

Đề_thi	N	O
vừa_phải	A	B-LEVEL
,	CH	O
cân_bằng	N	B-LEVEL
,	CH	O
có	V	O
tính	N	B-DISC
phân_loại	V	I-DISC
và	Cc	O
không	R	O
tạo	V	O
áp_lực	N	B-LEVEL
quá	R	I-LEVEL
lớn	N	I-LEVEL
.	CH	O

Năm	N	B-YEAR
2023	M	I-YEAR
,	CH	O
đề_thi	N	O
khá	R	B-LEVEL
cân_bằng	N	I-LEVEL
,	CH	O
phân_hóa	V	B-DISC
hợp_lý	A	I-DISC
và	Cc	O
phù_hợp	N	B-LEVEL
với	E	O
nhiều	L	O
mức	N	O
năng_lực	N	B-SKILL
học_sinh	N	O
.	CH	O

Đề_thi	N	O
năm	N	B-YEAR
2023	M	I-YEAR
có	V	O
độ	N	B-DISC
phân_hóa	V	I-DISC
mạnh	A	I-DISC
,	CH	O
đặc_biệt	N	O
khó	A	B-LEVEL
ở	E	O
các	L	O
câu	N	B-STRUC
hỏi	N	I-STRUC
thực_tế	N	B-SKILL
và	Cc	O
phần	N	B-STRUC
hình_học	N	I-STRUC
.	CH	O

Đề_thi	N	O
có	V	O
độ	N	B-LEVEL
khó	A	I-LEVEL
ở	E	I-LEVEL
mức	N	I-LEVEL
trung_bình	A	I-LEVEL
đến	E	I-LEVEL
khó	A	I-LEVEL
và	Cc	O
vẫn	R	O
có	V	O
tính	N	O
phân_hóa	V	B-DISC
.	CH	O

Đề_thi	N	O
năm	N	B-YEAR
2023	M	I-YEAR
có	V	O
độ	N	B-LEVEL
khó	A	I-LEVEL
thấp	A	I-LEVEL
nhưng	C	O
phân_hóa	V	B-DISC
tốt	A	I-DISC
học_sinh	N	O
.	CH	O

Đề_thi	N	O
có	V	O
độ	N	B-LEVEL
khó	A	I-LEVEL
tương_đương	N	I-LEVEL
năm	N	B-YEAR
2022	M	I-YEAR
và	Cc	O
phân_hóa	V	B-DISC
mạnh	A	I-DISC
ở	E	O
các	L	O
câu	N	B-STRUC
hỏi	N	I-STRUC
lấy	N	O
điểm	N	O
9	M	O
và	Cc	O
10	M	O
.	CH	O

Ma_trận	N	B-STRUC
đề_thi	N	I-STRUC
chặt_chẽ	N	I-STRUC
và	Cc	O
có	V	O
một_số	L	O
dạng	N	B-STRUC
toán	N	I-STRUC
mới	A	B-LEVEL
lạ	V	I-LEVEL
,	CH	O
sáng_tạo	N	B-SKILL
.	CH	O

Đề_thi	N	O
vừa_sức	A	B-LEVEL
nhưng	C	O
vẫn	R	O
ủ	N	B-LEVEL
độ	N	I-LEVEL
khó	A	I-LEVEL
để	E	O
phân_loại	V	B-DISC
thí_sinh	N	I-DISC
xuất_sắc	N	O
.	CH	O

Năm	N	B-YEAR
2023	M	I-YEAR
,	CH	O
đề_thi	N	O
khá	R	B-LEVEL
lạ	V	I-LEVEL
và	Cc	O
dài	N	B-LEVEL
,	CH	O
các	L	O
câu	N	B-STRUC
vận_dụng	V	B-SKILL
cao	A	I-SKILL
có	V	O
tính	N	O
đánh_đố	N	B-LEVEL
hơn	R	I-LEVEL
.	CH	O

Đề_thi	N	O
phù_hợp	N	B-LEVEL
với	E	O
thí_sinh	N	O
.	CH	O

Đề_thi	N	O
có	V	O
độ	N	B-DISC
phân_hóa	V	I-DISC
tốt	A	I-DISC
.	CH	O

Đề_thi	N	O
không	R	B-LEVEL
quá	R	I-LEVEL
khó	A	I-LEVEL
.	CH	O

Đề_thi	N	O
ở	E	O
mức	N	B-LEVEL
cơ_bản	A	I-LEVEL
.	CH	O

Đề_thi	N	O
khó	A	B-LEVEL
và	Cc	O
không	R	O
kém	A	O
gì	P	O
năm	N	B-YEAR
2022	M	I-YEAR
.	CH	O

Đề_thi	N	O
xuất_hiện	V	O
nhiều	L	O
dạng	N	B-STRUC
toán	N	I-STRUC
lạ	V	B-LEVEL
và	Cc	O
yêu_cầu	N	O
tư_duy	N	B-SKILL
linh_hoạt	N	I-SKILL
để	E	O
chinh_phục	V	O
điểm	N	O
9	M	O
và	Cc	O
10	M	O
.	CH	O

Đề_thi	N	O
khá	R	B-LEVEL
lắt_léo	N	I-LEVEL
,	CH	O
đòi_hỏi	V	O
thí_sinh	N	O
nắm	V	O
chắc	A	O
bản_chất	N	B-SKILL
và	Cc	O
có	V	O
tư_duy	N	B-SKILL
nhanh	N	I-SKILL
.	CH	O

Đề_thi	N	O
tốt_nghiệp	N	B-STRUC
THPT	N	I-STRUC
môn	N	O
Toán	N	O
năm	N	B-YEAR
2023	M	I-YEAR
được	V	O
đánh_giá	V	O
là	V	O
có	V	O
độ	N	B-LEVEL
khó	A	I-LEVEL
nhỉnh	N	I-LEVEL
hơn	R	I-LEVEL
so	N	O
với	E	O
năm	N	B-YEAR
2022	M	I-YEAR
và	Cc	O
đề	N	B-STRUC
minh_họa	N	I-STRUC
của	E	O
Bộ	N	O
Giáo_dục	N	O
và	Cc	O
Đào_tạo	N	O
,	CH	O
với	E	O
tính	N	B-DISC
phân_hóa	V	I-DISC
cao	A	I-DISC
,	CH	O
đặc_biệt	N	O
ở	E	O
nhóm	N	B-STRUC
câu	N	I-STRUC
hỏi	N	I-STRUC
cuối	N	I-STRUC
.	CH	O

Đề_thi	N	O
khá	R	B-LEVEL
dễ	A	I-LEVEL
ở	E	O
40	M	B-STRUC
câu	N	I-STRUC
đầu	N	I-STRUC
và	Cc	O
10	M	B-STRUC
câu	N	I-STRUC
cuối	N	I-STRUC
phân_cấp	N	B-DISC
độ	N	I-DISC
rõ_rệt	A	I-DISC
.	CH	O

Đề_thi	N	O
tốt_nghiệp	N	B-STRUC
THPT	N	I-STRUC
môn	N	O
Toán	N	O
năm	N	B-YEAR
2023	M	I-YEAR
khó	A	B-LEVEL
và	Cc	O
có	V	O
tính	N	B-DISC
phân_hóa	V	I-DISC
cao	A	I-DISC
.	CH	O

Đề_thi	N	O
Toán	N	O
năm	N	B-YEAR
2023	M	I-YEAR
khó	A	B-LEVEL
,	CH	O
lạ	V	B-LEVEL
và	Cc	O
có	V	O
tính	N	B-DISC
phân_hóa	V	I-DISC
cao	A	I-DISC
.	CH	O

Đề_thi	N	O
có	V	O
độ	N	B-LEVEL
khó	A	I-LEVEL
vừa_sức	A	I-LEVEL
.	CH	O

Đề_thi	N	O
đề_cao	A	O
tính	N	B-SKILL
sáng_tạo	N	I-SKILL
qua	R	O
các	L	O
câu	N	B-STRUC
hỏi	N	I-STRUC
lạ	V	B-LEVEL
và	Cc	O
đòi_hỏi	V	O
tư_duy	N	B-SKILL
giải_quyết	V	I-SKILL
vấn_đề	N	I-SKILL
đột_phá	N	I-SKILL
.	CH	O

Năm	N	B-YEAR
2023	M	I-YEAR
,	CH	O
đề_thi	N	O
cân_bằng	N	B-LEVEL
hơn	R	I-LEVEL
,	CH	O
cấu_trúc	N	B-STRUC
quen_thuộc	N	I-STRUC
và	Cc	O
học	V	O
chắc	N	O
kiến_thức	N	B-SKILL
có_thể	V	O
dễ	A	B-LEVEL
đạt	V	O
điểm	N	O
khá	R	O
.	CH	O

Năm	N	B-YEAR
2023	M	I-YEAR
,	CH	O
đề_thi	N	O
phân_hóa	V	B-DISC
sâu	A	I-DISC
ở	E	O
nhóm	N	B-STRUC
câu	N	I-STRUC
cuối	N	I-STRUC
,	CH	O
câu	N	B-STRUC
hỏi	N	I-STRUC
dài	N	B-LEVEL
và	Cc	O
có	V	O
tính	N	B-LEVEL
đánh_đố	N	I-LEVEL
.	CH	O

Đề_thi	N	O
có	V	O
độ	N	B-LEVEL
khó	A	I-LEVEL
vừa_phải	A	I-LEVEL
.	CH	O

Đề_thi	N	O
vừa_phải	A	B-LEVEL
,	CH	O
cân_bằng	N	B-LEVEL
,	CH	O
có	V	O
tính	N	B-DISC
phân_loại	V	I-DISC
và	Cc	O
không	R	O
tạo	V	O
áp_lực	N	B-LEVEL
quá	R	I-LEVEL
lớn	N	I-LEVEL
.	CH	O

Năm	N	B-YEAR
2023	M	I-YEAR
,	CH	O
đề_thi	N	O
khá	R	B-LEVEL
cân_bằng	N	I-LEVEL
,	CH	O
phân_hóa	V	B-DISC
hợp_lý	A	I-DISC
và	Cc	O
phù_hợp	N	B-LEVEL
với	E	O
nhiều	L	O
mức	N	O
năng_lực	N	B-SKILL
học_sinh	N	O
.	CH	O

Đề_thi	N	O
năm	N	B-YEAR
2023	M	I-YEAR
có	V	O
độ	N	B-DISC
phân_hóa	V	I-DISC
mạnh	A	I-DISC
,	CH	O
đặc_biệt	N	O
khó	A	B-LEVEL
ở	E	O
các	L	O
câu	N	B-STRUC
hỏi	N	I-STRUC
thực_tế	N	B-SKILL
và	Cc	O
phần	N	B-STRUC
hình_học	N	I-STRUC
.	CH	O

Đề_thi	N	O
có	V	O
độ	N	B-LEVEL
khó	A	I-LEVEL
ở	E	I-LEVEL
mức	N	I-LEVEL
trung_bình	A	I-LEVEL
đến	E	I-LEVEL
khó	A	I-LEVEL
và	Cc	O
vẫn	R	O
có	V	O
tính	N	O
phân_hóa	V	B-DISC
.	CH	O

Đề_thi	N	O
năm	N	B-YEAR
2023	M	I-YEAR
có	V	O
độ	N	B-LEVEL
khó	A	I-LEVEL
thấp	A	I-LEVEL
nhưng	C	O
phân_hóa	V	B-DISC
tốt	A	I-DISC
học_sinh	N	O
.	CH	O

Đề_thi	N	O
có	V	O
độ	N	B-LEVEL
khó	A	I-LEVEL
tương_đương	N	I-LEVEL
năm	N	B-YEAR
2022	M	I-YEAR
và	Cc	O
phân_hóa	V	B-DISC
mạnh	A	I-DISC
ở	E	O
các	L	O
câu	N	B-STRUC
hỏi	N	I-STRUC
lấy	N	O
điểm	N	O
9	M	O
và	Cc	O
10	M	O
.	CH	O

Ma_trận	N	B-STRUC
đề_thi	N	I-STRUC
chặt_chẽ	N	I-STRUC
và	Cc	O
có	V	O
một_số	L	O
dạng	N	B-STRUC
toán	N	I-STRUC
mới	A	B-LEVEL
lạ	V	I-LEVEL
,	CH	O
sáng_tạo	N	B-SKILL
.	CH	O

Đề_thi	N	O
vừa_sức	A	B-LEVEL
nhưng	C	O
vẫn	R	O
đủ	N	B-LEVEL
độ	N	I-LEVEL
khó	A	I-LEVEL
để	E	O
phân_loại	V	B-DISC
thí_sinh	N	I-DISC
xuất_sắc	N	O
.	CH	O

Đề_thi	N	O
duy_trì	V	O
tính	N	B-LEVEL
ổn_định	A	I-LEVEL
,	CH	O
phổ_điểm	N	B-DISC
đẹp	N	I-DISC
và	Cc	O
phản_ánh	V	O
đúng	R	O
thực_lực	N	B-SKILL
học_sinh	N	O
.	CH	O

Đề_thi	N	O
phân_tầng	N	B-DISC
thí_sinh	N	I-DISC
khéo_léo	N	O
thông_qua	N	O
các	L	O
câu	N	B-STRUC
hỏi	N	I-STRUC
gắn	N	O
với	E	O
thực_tế	N	B-SKILL
.	CH	O

Đề_thi	N	O
khá	R	B-LEVEL
khó	A	I-LEVEL
đối_với	E	O
thí_sinh	N	O
.	CH	O

Đề_thi	N	O
khó	A	B-LEVEL
nhưng	C	O
vẫn	R	O
có_thể	V	O
làm	V	O
được	V	O
và	Cc	O
phù_hợp	N	B-LEVEL
để	E	O
phân_hóa	V	B-DISC
thí_sinh	N	O
.	CH	O

Đề_thi	N	O
có	V	O
độ	N	B-DISC
phân_hóa	V	I-DISC
cao	A	I-DISC
và	Cc	O
rất	R	B-LEVEL
khó	A	I-LEVEL
đạt	V	O
điểm	N	O
tuyệt_đối	N	O
.	CH	O

Đề_thi	N	O
có	V	O
tính	N	B-SKILL
thực_tiễn	N	I-SKILL
cao	A	O
và	Cc	O
mức_độ	N	O
phân_hóa	V	B-DISC
tăng	V	I-DISC
dần	N	I-DISC
ở	E	O
các	L	O
câu	N	B-STRUC
hỏi	N	I-STRUC
cuối	N	I-STRUC
.	CH	O

Đề	N	O
Toán	N	O
năm	N	B-YEAR
2024	M	I-YEAR
có	V	O
khả_năng	N	B-DISC
phân_loại	V	I-DISC
tốt	A	I-DISC
và	Cc	O
xuất_hiện	V	O
nhiều	L	O
câu	N	B-STRUC
vận_dụng	V	B-SKILL
mới	A	I-SKILL
.	CH	O

Đề_thi	N	O
giữ	V	O
phong_độ	N	B-LEVEL
ổn_định	A	I-LEVEL
và	Cc	O
các	L	O
câu	N	B-STRUC
cuối	N	I-STRUC
có	V	O
tính	N	B-DISC
phân_loại	V	I-DISC
sư_phạm	N	I-DISC
tốt	A	I-DISC
.	CH	O

Năm	N	B-YEAR
2024	M	I-YEAR
,	CH	O
đề_thi	N	O
phân_hóa	V	B-DISC
rõ_rệt	A	I-DISC
,	CH	O
có	V	O
cấu_trúc	N	B-STRUC
ổn_định	A	I-STRUC
và	Cc	O
phù_hợp	N	B-LEVEL
với	E	O
kỳ_thi	N	B-STRUC
cuối	N	I-STRUC
của	E	O
chương_trình	N	B-STRUC
cũ	N	I-STRUC
.	CH	O

Đề_thi	N	O
phù_hợp	N	B-LEVEL
với	E	O
thí_sinh	N	O
.	CH	O

Đề_thi	N	O
hướng	V	O
tới	P	O
hạn_chế	N	B-LEVEL
điểm	N	I-LEVEL
10	M	I-LEVEL
và	Cc	O
dễ	A	B-LEVEL
hơn	R	I-LEVEL
năm	N	B-YEAR
2023	M	I-YEAR
.	CH	O

Đề_thi	N	O
không	R	B-LEVEL
quá	R	I-LEVEL
khó	A	I-LEVEL
.	CH	O

Đề_thi	N	O
đơn_giản	A	B-LEVEL
.	CH	O

Đề_thi	N	O
có	V	O
độ	N	B-LEVEL
khó	A	I-LEVEL
thấp	A	I-LEVEL
hơn	R	I-LEVEL
năm	N	B-YEAR
2023	M	I-YEAR
nhưng	C	O
vẫn	R	O
không	R	B-LEVEL
hề	N	I-LEVEL
đơn_giản	A	I-LEVEL
.	CH	O

Đề_thi	N	O
giữ	V	O
phong_độ	N	B-LEVEL
ổn_định	A	I-LEVEL
và	Cc	O
các	L	O
câu	N	B-STRUC
hỏi	N	I-STRUC
cuối	N	I-STRUC
có	V	O
tính	N	B-DISC
sư_phạm	N	I-DISC
cao	A	I-DISC
để	E	O
sàng_lọc	V	B-DISC
thí_sinh	N	O
.	CH	O

Độ	N	B-LEVEL
khó	A	I-LEVEL
đề_thi	N	O
duy_trì	V	O
ổn_định	A	B-LEVEL
và	Cc	O
phân_hóa	V	B-DISC
mạnh	A	I-DISC
ở	E	O
ngưỡng	N	O
điểm	N	O
9	M	O
đến	E	O
10	M	O
để	E	O
xét_tuyển	V	B-STRUC
đại_học	N	I-STRUC
.	CH	O

Đề_thi	N	O
tốt_nghiệp	N	B-STRUC
THPT	N	I-STRUC
môn	N	O
Toán	N	O
năm	N	B-YEAR
2024	M	I-YEAR
được	V	O
đánh_giá	V	O
là	V	O
khó	A	B-LEVEL
hơn	R	I-LEVEL
năm	N	B-YEAR
2023	M	I-YEAR
,	CH	O
phân_hóa	V	B-DISC
mạnh	A	I-DISC
,	CH	O
đặc_biệt	N	O
từ	E	O
câu	N	B-STRUC
40	M	I-STRUC
trở	N	I-STRUC
đi	N	I-STRUC
.	CH	O

Đề_thi	N	O
khó	A	B-LEVEL
và	Cc	O
có	V	O
mức	N	B-DISC
phân_cấp	N	I-DISC
cao	A	I-DISC
.	CH	O

Đề_thi	N	O
THPT_Quốc_gia	N	B-STRUC
môn	N	O
Toán	N	O
năm	N	B-YEAR
2024	M	I-YEAR
được	V	O
đánh_giá	V	O
là	V	O
khó	A	B-LEVEL
và	Cc	O
có	V	O
độ	N	B-DISC
phân_hóa	V	I-DISC
cao	A	I-DISC
.	CH	O

Đề_thi	N	O
Toán	N	O
năm	N	B-YEAR
2024	M	I-YEAR
là	V	O
đề	N	B-STRUC
THPT	N	I-STRUC
khó	A	B-LEVEL
nhất	R	I-LEVEL
tôi	P	O
từng	N	O
giải	V	O
và	Cc	O
có	V	O
tính	N	B-DISC
phân_hóa	V	I-DISC
rất	R	I-DISC
cao	A	I-DISC
.	CH	O

Đề_thi	N	O
duy_trì	V	O
cấu_trúc	N	B-STRUC
ổn_định	A	I-STRUC
và	Cc	O
tích_hợp	V	O
các	L	O
bẫy	N	O
logic	N	B-SKILL
sâu	A	O
để	E	O
sàng_lọc	V	B-DISC
học_sinh	N	O
giỏi	A	O
.	CH	O

Năm	N	B-YEAR
2024	M	I-YEAR
,	CH	O
đề_thi	N	O
tăng	V	O
độ	N	B-DISC
phân_hóa	V	I-DISC
và	Cc	O
có	V	O
nhiều	L	O
câu	N	B-STRUC
tư_duy	N	B-SKILL
khiến	N	O
học_sinh	N	O
dễ	A	O
mất	V	O
thời_gian	N	O
.	CH	O

Năm	N	B-YEAR
2024	M	I-YEAR
,	CH	O
đề_thi	N	O
chuẩn_mực	N	B-LEVEL
cho	N	O
năm	N	B-YEAR
cuối	N	I-YEAR
chương_trình	N	B-STRUC
cũ	N	I-STRUC
và	Cc	O
phân_hóa	V	B-DISC
rõ_rệt	A	I-DISC
ở	E	O
mức	N	O
từ	E	O
9	M	O
trở	N	O
lên	N	O
.	CH	O

Đề_thi	N	O
ở	E	O
mức	N	B-LEVEL
trung_bình	A	I-LEVEL
,	CH	O
có	V	O
cấu_trúc	N	B-STRUC
ổn_định	A	I-STRUC
và	Cc	O
phân_hóa	V	B-DISC
rõ	A	I-DISC
ở	E	O
nhóm	N	B-STRUC
câu	N	I-STRUC
cuối	N	I-STRUC
.	CH	O

Năm	N	B-YEAR
2024	M	I-YEAR
,	CH	O
đề_thi	N	O
tương_đối	A	B-LEVEL
khó	A	I-LEVEL
,	CH	O
có	V	O
nhiều	L	O
câu	N	B-STRUC
lạ	V	I-STRUC
và	Cc	O
yêu_cầu	N	O
tư_duy	N	B-SKILL
linh_hoạt	N	I-SKILL
cùng	Cc	O
kiến_thức	N	B-SKILL
chắc	N	O
.	CH	O

Đề_thi	N	O
năm	N	B-YEAR
2024	M	I-YEAR
được	V	O
đánh_giá	V	O
là	V	O
có	V	O
độ	N	B-DISC
phân_hóa	V	I-DISC
cao	A	I-DISC
và	Cc	O
khó	A	B-LEVEL
hơn	R	I-LEVEL
đáng_kể	N	I-LEVEL
so	N	O
với	E	O
năm	N	B-YEAR
2023	M	I-YEAR
.	CH	O

Đề_thi	N	O
có	V	O
độ	N	B-LEVEL
khó	A	I-LEVEL
ở	E	I-LEVEL
mức	N	I-LEVEL
trung_bình	A	I-LEVEL
đến	E	I-LEVEL
khó	A	I-LEVEL
và	Cc	O
vẫn	R	O
có	V	O
tính	N	B-DISC
phân_hóa	V	I-DISC
.	CH	O

Đề_thi	N	O
năm	N	B-YEAR
2024	M	I-YEAR
phân_hóa	V	B-DISC
tốt	A	I-DISC
học_sinh	N	O
và	Cc	O
có	V	O
độ	N	B-LEVEL
khó	A	I-LEVEL
cao	A	I-LEVEL
.	CH	O

Đề_thi	N	O
cuối	N	B-STRUC
chương_trình	N	I-STRUC
cũ	N	I-STRUC
có	V	O
độ	N	B-DISC
phân_hóa	V	I-DISC
cao	A	I-DISC
và	Cc	O
nhiều	L	O
câu	N	B-STRUC
hỏi	N	I-STRUC
mang	V	O
tính	N	B-SKILL
tổng_hợp	N	I-SKILL
.	CH	O

Đề_thi	N	O
tập_trung	V	O
vào	N	O
khả_năng	N	B-SKILL
vận_dụng	V	I-SKILL
liên_chuyên_đề	N	I-SKILL
và	Cc	O
kiểm_tra	V	O
sâu	A	O
kiến_thức	N	B-STRUC
lớp	N	I-STRUC
12	M	I-STRUC
.	CH	O

Đề_thi	N	O
có	V	O
độ	N	B-LEVEL
thử_thách	N	I-LEVEL
khá	R	I-LEVEL
cao	A	I-LEVEL
để	E	O
khép	V	O
lại	N	O
một	M	B-YEAR
giai_đoạn	N	I-YEAR
.	CH	O

Đề_thi	N	O
đẩy	V	O
mức_độ	N	B-DISC
phân_hóa	V	I-DISC
lên	N	I-DISC
cao	A	I-DISC
để	E	O
chuẩn_bị	N	O
cho	N	O
sự	N	O
thay_đổi	V	O
của	E	O
chương_trình	N	B-STRUC
mới	A	I-STRUC
.	CH	O

Đề_thi	N	O
tập_trung	V	O
vào	N	O
khả_năng	N	B-SKILL
vận_dụng	V	I-SKILL
liên_chuyên_đề	N	I-SKILL
và	Cc	O
kiểm_tra	V	O
sâu	A	O
kiến_thức	N	B-STRUC
lớp	N	I-STRUC
12	M	I-STRUC
.	CH	O

Đề_thi	N	O
yêu_cầu	N	O
thí_sinh	N	O
bứt_phá	N	B-SKILL
và	Cc	O
có	V	O
khả_năng	N	B-SKILL
tư_duy	N	I-SKILL
linh_hoạt	N	I-SKILL
.	CH	O

Đề_thi	N	O
khá	R	B-LEVEL
khó	A	I-LEVEL
đối_với	E	O
thí_sinh	N	O
.	CH	O

Đề_thi	N	O
phù_hợp	N	B-LEVEL
với	E	O
thí_sinh	N	O
.	CH	O

Đề_thi	N	O
có	V	O
cấu_trúc	N	B-STRUC
mới	A	I-STRUC
,	CH	O
khó	A	B-LEVEL
hơn	R	I-LEVEL
và	Cc	O
tăng	V	O
tính	N	B-SKILL
ứng_dụng	N	I-SKILL
thực_tế	N	I-SKILL
.	CH	O

Đề_thi	N	O
theo	E	O
chương_trình	N	B-STRUC
mới	A	I-STRUC
có	V	O
cấu_trúc	N	B-STRUC
lạ	V	I-STRUC
và	Cc	O
đòi_hỏi	V	O
tư_duy	N	B-SKILL
sáng_tạo	N	I-SKILL
cùng	Cc	O
khả_năng	N	B-SKILL
vận_dụng	V	I-SKILL
thực_tế	N	I-SKILL
cao	A	I-SKILL
.	CH	O

Đề	N	O
Toán	N	O
năm	N	B-YEAR
2025	M	I-YEAR
được	V	O
đánh_giá	V	O
là	V	O
khó	A	B-LEVEL
hơn	R	I-LEVEL
và	Cc	O
yêu_cầu	N	O
tư_duy	N	B-SKILL
cùng	Cc	O
tốc_độ	N	B-SKILL
làm	V	I-SKILL
bài	N	I-SKILL
cao	A	I-SKILL
.	CH	O

Đề_thi	N	O
đánh_dấu	N	O
bước_ngoặt	N	O
đổi_mới	V	B-STRUC
cấu_trúc	N	I-STRUC
và	Cc	O
nhấn_mạnh	V	O
tư_duy	N	B-SKILL
cùng	Cc	O
ứng_dụng	N	B-SKILL
thực_tế	N	I-SKILL
.	CH	O

Năm	N	B-YEAR
2025	M	I-YEAR
,	CH	O
đề_thi	N	O
đổi_mới	V	B-STRUC
hoàn_toàn	A	I-STRUC
theo	E	O
chương_trình	N	B-STRUC
mới	A	I-STRUC
và	Cc	O
tập_trung	V	O
đánh_giá	V	O
năng_lực	N	B-SKILL
tư_duy	N	I-SKILL
.	CH	O

Đề_thi	N	O
phù_hợp	N	B-LEVEL
với	E	O
thí_sinh	N	O
.	CH	O

Đề_thi	N	O
có	V	O
độ	N	B-DISC
phân_hóa	V	I-DISC
tốt	A	I-DISC
.	CH	O

Đề_thi	N	O
ở	E	O
mức	N	B-LEVEL
ổn	N	I-LEVEL
.	CH	O

Tôi	P	O
thấy	N	O
đề_thi	N	O
không	R	B-LEVEL
quá	R	I-LEVEL
khó	A	I-LEVEL
để	E	O
làm	V	O
.	CH	O

Vì	C	O
là	V	O
chương_trình	N	B-STRUC
mới	A	I-STRUC
nên	C	O
độ	N	B-LEVEL
khó	A	I-LEVEL
của	E	O
đề_thi	N	O
ở	E	O
mức	N	B-LEVEL
tương_đối	A	I-LEVEL
.	CH	O

Tôi	P	O
thấy	N	O
đề_thi	N	O
hơi	R	B-LEVEL
khó	A	I-LEVEL
.	CH	O

Cấu_trúc	N	B-STRUC
đề_thi	N	I-STRUC
được	V	O
đổi_mới	V	B-STRUC
toàn_diện	N	I-STRUC
theo	E	O
chương_trình	N	B-STRUC
mới	A	I-STRUC
và	Cc	O
nhấn_mạnh	V	O
tư_duy	N	B-SKILL
cùng	Cc	O
tính	N	B-SKILL
ứng_dụng	N	I-SKILL
.	CH	O

Đề	N	B-STRUC
minh_họa	N	I-STRUC
đổi_mới	V	B-STRUC
cấu_trúc	N	I-STRUC
,	CH	O
tăng	V	O
tính	N	B-SKILL
ứng_dụng	N	I-SKILL
thực_tế	N	I-SKILL
và	Cc	O
đòi_hỏi	V	O
tư_duy	N	B-SKILL
logic	N	I-SKILL
cao	A	I-SKILL
.	CH	O

Đề_thi	N	O
tốt_nghiệp	N	B-STRUC
THPT	N	I-STRUC
môn	N	O
Toán	N	O
năm	N	B-YEAR
2025	M	I-YEAR
được	V	O
đánh_giá	V	O
là	V	O
khá	R	B-LEVEL
khó	A	I-LEVEL
,	CH	O
có	V	O
độ	N	B-DISC
phân_hóa	V	I-DISC
rất	R	I-DISC
cao	A	I-DISC
và	Cc	O
là	V	O
lần	Cc	O
đầu	N	O
áp_dụng	V	O
cấu_trúc	N	B-STRUC
mới	A	I-STRUC
theo	E	O
chương_trình	N	B-STRUC
GDPT_2018	N	I-STRUC
,	CH	O
khiến	N	O
thí_sinh	N	O
khó	A	B-LEVEL
đạt	V	I-LEVEL
điểm	N	I-LEVEL
cao	A	I-LEVEL
.	CH	O

Đề_thi	N	O
khá	R	B-LEVEL
khó	A	I-LEVEL
so	N	O
với	E	O
những	L	O
gì	P	O
tôi	P	O
đã	R	O
học	V	O
và	Cc	O
có	V	O
độ	N	B-DISC
phân_hóa	V	I-DISC
cao	A	I-DISC
,	CH	O
đúng	R	O
cấp_độ	N	B-LEVEL
.	CH	O

Đề_thi	N	O
Toán	N	O
năm	N	B-YEAR
2025	M	I-YEAR
khó	A	B-LEVEL
hơn	R	I-LEVEL
các	L	O
năm	N	B-YEAR
trước	N	I-YEAR
,	CH	O
cấu_trúc	N	B-STRUC
mới	A	I-STRUC
phân_hóa	V	B-DISC
mạnh	A	I-DISC
và	Cc	O
đòi_hỏi	V	O
tư_duy	N	B-SKILL
thực_tế	N	I-SKILL
cao	A	I-SKILL
.	CH	O

Đề_thi	N	O
Toán	N	O
năm	N	B-YEAR
2025	M	I-YEAR
là	V	O
đề	N	B-STRUC
đầu_tiên	N	I-STRUC
của	E	O
chương_trình	N	B-STRUC
mới	A	I-STRUC
,	CH	O
khá	R	B-LEVEL
khó	A	I-LEVEL
và	Cc	O
có	V	O
tính	N	B-DISC
phân_hóa	V	I-DISC
rất	R	I-DISC
cao	A	I-DISC
.	CH	O

Đề_thi	N	O
theo	E	O
chương_trình	N	B-STRUC
mới	A	I-STRUC
chú_trọng	V	O
kiểm_tra	V	O
năng_lực	N	B-SKILL
tư_duy	N	I-SKILL
toán_học	N	I-SKILL
và	Cc	O
khả_năng	N	B-SKILL
vận_dụng	V	I-SKILL
thực_tế	N	I-SKILL
.	CH	O

Đề_thi	N	O
chú_trọng	V	O
tư_duy	N	B-SKILL
thực_tế	N	I-SKILL
,	CH	O
yêu_cầu	N	O
vận_dụng	V	B-SKILL
linh_hoạt	N	I-SKILL
và	Cc	O
kỹ_năng	N	B-SKILL
xử_lý	V	I-SKILL
nhanh	N	I-SKILL
.	CH	O

Năm	N	B-YEAR
2025	M	I-YEAR
,	CH	O
cấu_trúc	N	B-STRUC
đề_thi	N	I-STRUC
được	V	O
đổi_mới	V	B-STRUC
hoàn_toàn	A	I-STRUC
,	CH	O
tập_trung	V	O
đánh_giá	V	O
tư_duy	N	B-SKILL
và	Cc	O
có	V	O
ma_trận	N	B-STRUC
kiến_thức	N	I-STRUC
lạ	V	B-LEVEL
.	CH	O

Đề_thi	N	O
ở	E	O
mức	N	B-LEVEL
trung_bình	A	I-LEVEL
hơi	R	I-LEVEL
khó	A	I-LEVEL
,	CH	O
có	V	O
phân_hóa	V	B-DISC
rõ	A	I-DISC
và	Cc	O
các	L	O
câu	N	B-STRUC
cuối	N	I-STRUC
yêu_cầu	N	O
tư_duy	N	B-SKILL
tốt	A	I-SKILL
.	CH	O

Năm	N	B-YEAR
2025	M	I-YEAR
,	CH	O
đề_thi	N	O
được	V	O
đánh_giá	V	O
là	V	O
khó	A	B-LEVEL
,	CH	O
tăng	V	O
tính	N	B-SKILL
thực_tiễn	N	I-SKILL
và	Cc	O
yêu_cầu	N	O
khả_năng	N	B-SKILL
suy_luận	N	I-SKILL
toán_học	N	I-SKILL
.	CH	O

Đề_thi	N	O
năm	N	B-YEAR
2025	M	I-YEAR
có	V	O
sự	N	B-STRUC
thay_đổi	V	I-STRUC
lớn	N	I-STRUC
về	E	O
cấu_trúc	N	B-STRUC
và	Cc	O
đòi_hỏi	V	O
tư_duy	N	B-SKILL
logic	N	I-SKILL
cùng	Cc	O
khả_năng	N	B-SKILL
vận_dụng	V	I-SKILL
cao	A	I-SKILL
.	CH	O

Đề_thi	N	O
có	V	O
độ	N	B-LEVEL
khó	A	I-LEVEL
ở	E	I-LEVEL
mức	N	I-LEVEL
trung_bình	A	I-LEVEL
đến	E	I-LEVEL
khó	A	I-LEVEL
và	Cc	O
vẫn	R	O
có	V	O
tính	N	B-DISC
phân_hóa	V	I-DISC
.	CH	O

Đề_thi	N	O
năm	N	B-YEAR
2025	M	I-YEAR
có	V	O
độ	N	B-LEVEL
khó	A	I-LEVEL
thấp	A	I-LEVEL
nhưng	C	O
phân_hóa	V	B-DISC
tốt	A	I-DISC
học_sinh	N	O
.	CH	O

Đề_thi	N	O
theo	E	O
chương_trình	N	B-STRUC
mới	A	I-STRUC
được	V	O
kỳ_vọng	N	O
rất	R	B-SKILL
thực_tế	N	I-SKILL
và	Cc	O
thay_đổi	V	O
cấu_trúc	N	B-STRUC
hoàn_toàn	A	I-STRUC
.	CH	O

Đề_thi	N	O
thay_đổi	V	O
định_hướng	N	B-STRUC
đánh_giá	V	O
năng_lực	N	B-SKILL
và	Cc	O
tập_trung	V	O
vào	N	O
giải_quyết	V	B-SKILL
các	L	O
vấn_đề	N	B-SKILL
thực_tiễn	N	I-SKILL
.	CH	O

Năm	N	B-YEAR
2025	M	I-YEAR
là	V	O
năm	N	O
đầu_tiên	N	O
thi	N	O
theo	E	O
chương_trình	N	B-STRUC
mới	A	I-STRUC
và	Cc	O
có	V	O
nhiều	L	O
đổi_mới	V	O
về	E	O
định_dạng	N	B-STRUC
.	CH	O

Đề_thi	N	O
được	V	O
dự_báo	V	O
có	V	O
độ	N	B-LEVEL
khó	A	I-LEVEL
ổn_định	A	I-LEVEL
nhưng	C	O
cách	N	B-SKILL
tiếp_cận	N	I-SKILL
kiến_thức	N	I-SKILL
sẽ	N	O
khác_biệt	N	B-LEVEL
.	CH	O

Ma_trận	N	B-STRUC
đề_thi	N	I-STRUC
chặt_chẽ	N	I-STRUC
và	Cc	O
có	V	O
một_số	L	O
dạng	N	B-STRUC
toán	N	I-STRUC
mới	A	B-LEVEL
lạ	V	I-LEVEL
,	CH	O
sáng_tạo	N	B-SKILL
.	CH	O

Đề_thi	N	O
mở	V	O
ra	N	O
một	M	B-YEAR
giai_đoạn	N	I-YEAR
mới	A	I-YEAR
và	Cc	O
đề_cao	A	O
tính	N	B-SKILL
ứng_dung	N	I-SKILL
cùng	Cc	O
tư_duy	N	B-SKILL
sáng_tạo	N	I-SKILL
.	CH	O

